강의번호,시트제목,촬영담당,강의역할,필수내용1,필수내용2,필수내용3,범위,결과물,직원추가자료,원천ID,BPT상태
0-1,이 강의의 약속 — 매출 강의가 아니라 영업이익 강의,권기동,마케팅 실행이 영업이익과 회사 자산으로 연결되는 전체 지도를 이해한다.,매출이 같아도 제공 원가와 마케팅 비용이 다르면 회사에 남는 이익은 달라진다.,이 과정에서는 유입·구매·후속 구매와 운영을 연결해 이익을 판단하고 개선하는 방법을 배운다.,연락 가능한 고객·콘텐츠·실행 기록·매뉴얼이 쌓이는지를 함께 본다.,"손익 계산 실습은 1-4, 개별 채널 집행은 CH09로 넘긴다.",강의 전후 목표 한 장,"강사가 약속할 수 있는 교육 결과, 실제 전후 사례와 숫자",M03 S02 Q003,미확정
0-2,사장이 첫 번째 마케터다,권기동,직접 제작할 일과 대표가 결정해야 할 고객·상품·숫자를 구분한다.,대표는 누구에게 어떤 가치를 팔고 얼마까지 써도 되는지 판단할 기준을 가져야 한다.,제작과 집행을 맡겨도 목표·평가 기준이 없으면 실행의 옳고 그름을 판단하기 어렵다.,대표가 정할 일과 직원·외주가 반복 실행할 일을 구분한다.,채용·위임의 구체적 방법은 CH10에서 다룬다.,대표 판단·실행 역할표,대표와 직원의 실제 업무 분담 사례,G004 G011 M02,미확정
0-3,한국 온라인 마케팅 20년 압축사,이세란,수단의 변화와 지속되는 고객·제안·측정의 원리를 구분한다.,시대별 채널을 나열하기보다 고객의 발견·비교·구매 경로가 어떻게 변했는지 설명한다.,접점이 바뀔 때 기존의 성과가 그대로 이어지지 않는 이유를 플랫폼 의존과 연결한다.,수단 변화와 별개로 고객·제안·측정·고객 관계를 이해해야 한다는 과제까지 정리한다.,한국 20년 연표는 현재 네 자료만으로 확정하지 않는다. 도구 사용법은 제외한다.,마케팅 변화 연표,연도별 검증 가능한 사건·플랫폼 자료와 강사의 당시 경험,S02 G012,미확정
0-4,마케팅적으로 생각하기,이세란,만드는 사람의 관점에서 고객이 선택하는 이유를 묻는 관점으로 이동한다.,판매자가 강조하는 특징과 구매자가 해결하고 싶은 문제를 구분한다.,고객·경쟁 대안·구매 상황을 함께 봐야 선택 이유를 판단할 수 있다.,아이디어를 확신으로 다루지 않고 고객 반응으로 확인할 가설로 바꾼다.,완성된 USP와 상품 구성은 CH02에서 만든다.,기존 판단·새 질문 비교표,자기중심적 설명을 고객 관점으로 바꾼 실제 상품 예시,M01 S03 Q011,미확정
0-5,강의 이용 방법,이세란,영상 시청을 회사의 결정·실행·기록으로 연결한다.,강의를 보는 순서와 회사에 적용하는 순서를 구분하고 전체 과정의 지도를 안내한다.,강의마다 판단 또는 결과물을 남기고 다음 강의에서 이어서 사용한다.,업종과 자원이 다른 사례는 조건을 비교한 뒤 적용하며 막힌 질문을 기록한다.,운영 시간·과제 제출·피드백 방식은 사용자가 제공한 실제 운영안만 반영한다.,수강·실행·질문 방식,"수강 운영 규정, 워크시트, 질문·피드백 방식",G009 Q004 Q010,미확정
0-6,회사 유형·규모 진단,권기동,규모·역할·채널 의존을 확인하고 자기 회사의 출발점을 정한다.,업종 이름뿐 아니라 구매 주기·객단가·제공 방식·채널 의존·인력으로 회사를 구분한다.,같은 매출 규모라도 자원과 병목이 다르면 먼저 할 일이 달라진다.,자기 회사의 현재 조건과 아직 모르는 정보를 진단표에 적는다.,세부 퍼널 병목 선정은 1-5로 넘기며 임의의 매출 구간을 보편 법칙으로 쓰지 않는다.,회사 상태 진단표,진단 항목 정의와 업종별 실제 회사 예시,Q003 G014 Q007,미확정
0-7,단리·복리 계산,이세란,일회성 지출과 남는 자산을 구분하되 실제 손익으로 비교한다.,한 번 쓰고 끝나는 지출과 다음 접촉·구매·실행에 재사용할 자산을 남기는 지출을 비교한다.,자산은 유지·갱신 비용과 소멸 가능성도 있으므로 누적만으로 수익이 보장되지 않는다.,같은 기간과 비용 조건을 둔 가상 계산으로 반복 사용 여부의 차이를 살핀다.,금융 복리 공식을 마케팅 수익의 보장식으로 사용하지 않는다. 회사별 시나리오는 1-6에서 작성한다.,현재 비용·자산 기준선,"계산표 변수·가정, 재사용되는 콘텐츠나 고객 목록 사례",S02 S04 M03,미확정
1-1,내 회사 퍼널 그려보기,이세란,현재 고객이 어디에서 와서 어떤 과정을 거쳐 구매하는지 그린다.,고객이 회사를 발견하고 문의·구매·후속 구매로 이동하는 실제 경로를 그린다.,각 접점에서 고객에게 요구하는 행동과 다음 이동 경로를 표시한다.,그림에 없는 단계와 실제로 연결되지 않는 단계를 분리해 기록한다.,채널을 새로 고르거나 홈페이지를 제작하지 않고 현재 경로를 그리는 데 집중한다.,현재 퍼널 한 장,실제 사이트·매장·문의·결제 경로 화면,S01 S02,미확정
1-2,현재 데이터 입력하기,이세란,측정된 숫자와 모르는 숫자를 분리해 기준선을 만든다.,퍼널의 단계마다 무엇을 한 건으로 셀지와 측정 기간을 정한다.,조회·방문·문의·구매를 같은 숫자로 취급하지 않고 서로 다른 분모를 구분한다.,실제값·추정값·미측정값을 구별해 현재 데이터를 입력한다.,"대시보드 구현은 11-2, 세부 채널 측정은 해당 챕터에서 다룬다.",기준선 데이터 시트,"실제 리포트, 항목 정의, 입력용 시트",S01 M02,미확정
1-3,회사에 남은 마케팅 자산 확인하기,권기동,고객·콘텐츠·데이터·매뉴얼의 보유와 접근 가능성을 확인한다.,고객 목록·콘텐츠·계정·소재 원본·학습 기록·매뉴얼을 목록화한다.,존재 여부와 회사가 접근·재사용할 수 있는지를 구분한다.,현재 퍼널의 어떤 단계를 돕는지 연결해 활용되지 않는 자산과 의존 지점을 찾는다.,자산의 금전적 가치나 회사 매각 가격을 계산하지 않는다.,자산 보유 점검표,회사 계정·파일·DB·권한 목록 예시,S02 G012 G015,미확정
1-4,손익 진단,이세란,매출과 이익을 구분하고 상품·고객획득의 비용을 계산한다.,매출에서 상품 제공과 판매에 들어간 비용을 나누어 확인한다.,"첫 구매의 공헌과 고객획득 비용, 비용 회수 시점을 구분한다.",광고 지표가 좋아도 회사 전체 이익이나 현금 상황이 다를 수 있는 이유를 진단한다.,회계·세무 자문으로 확장하지 않고 교육용 비용 정의와 가정을 명확히 한다.,손익·회수표,원가·수수료·광고비·환불·입금 시점이 있는 예시 데이터,M02 M03 Q009,미확정
1-5,가장 큰 병목과 우선순위 찾기,권기동,막힌 구간의 원인 가설과 먼저 바꿀 한 가지를 정한다.,매출이 낮다는 결과를 고객 이동 경로의 구체적 단절로 바꿔 본다.,유입 부족·관심 부족·구매 저항·제공 문제를 데이터와 고객 정보로 구분한다.,영향·검증 가능성·자원·손실 한도를 비교해 먼저 확인할 병목 하나를 고른다.,전환율이 가장 낮은 단계가 무조건 첫 병목이라는 규칙은 만들지 않는다.,병목·우선순위표,병목 후보별 데이터·고객 반응·실험 비용,S01 Q011 Q009,미확정
1-6,3개월·1년 시나리오,권기동,현재 값과 개선 가정을 분리해 조건별 결과를 계산한다.,현재 숫자를 기준으로 유입·전환·객단가·재구매 등 가정을 나눈다.,3개월의 실행·학습과 1년의 누적 가능성을 구분하고 여러 경우를 계산한다.,가정이 달라졌을 때 계획을 수정할 조건과 관찰할 지표를 정한다.,성장 예측을 보장으로 제시하지 않는다. 실제 90일 실행계획은 11-5에서 통합한다.,3개월·1년 시나리오,"현재값과 상·중·하 가정, 인력·예산 제한",M02 M03 G013,미확정
2-1,마케팅적 상품기획,권기동,고객이 원하는 결과와 구매·사용 장애물로 상품을 기획한다.,고객의 해결할 문제와 원하는 결과를 먼저 정하고 경쟁 대안을 확인한다.,문제 해결을 막는 장애물과 회사가 제공할 수 있는 해결 수단을 연결한다.,고객 가치와 제공 가능성을 함께 검토해 상품의 핵심 구성을 선택한다.,"모든 기능을 넣거나 광고 문구부터 정하지 않는다. 가격은 2-2, 표현은 2-3으로 넘긴다.",고객 문제·해결·상품표,상품 설명·고객 질문·경쟁 상품·운영 제약,M01 Q005 Q011,미확정
2-2,가격과 상품 구성,권기동,가치·제공 원가·후속 제안을 함께 보고 가격과 구성을 정한다.,상품의 핵심 제공 범위와 추가 제공물을 구분한다.,고객이 느끼는 가치와 회사의 제공 비용·수용량을 함께 비교해 가격안을 세운다.,단일 상품·묶음·단계별 상품의 차이를 고객 선택과 운영 부담으로 설명한다.,업셀 시퀀스와 구독 요금제 상세는 CH06·CH08로 넘긴다.,가격·구성표,원가·제공 시간·가격안·경쟁 대안,M01 S01 M03,미확정
2-3,USP 짜는 법,권기동,고객이 구분할 선택 이유를 정하고 증명할 근거를 붙인다.,고객이 대안 대신 우리 상품을 선택할 이유를 한 문장으로 정리한다.,원하는 결과·신뢰 근거·소요 시간·노력의 차이에서 실제 차별점을 찾는다.,표현한 약속마다 증명 자료와 적용 조건을 대조해 과장된 주장을 줄인다.,USP를 멋있는 슬로건만 만드는 작업으로 끝내지 않는다.,USP·증거표,고객 언어·제품 차이·검증 자료·기존 문구,M01 S03 Q011,미확정
2-4,USP에 맞는 채널 계획,권기동,고객이 있는 곳과 USP를 설명할 형식에 맞춰 채널을 고른다.,고객이 문제를 인식하고 대안을 비교하는 장소와 상황을 찾는다.,USP를 설명하는 데 필요한 정보량·증거 형식과 채널 특성을 연결한다.,먼저 검증할 접점과 그 접점에서 유도할 다음 행동을 정한다.,CH09에서 다룰 집행법까지 확장하지 않고 상품과 채널의 적합성을 정한다.,채널 선택표,현재 고객 유입 경로와 사용 가능한 채널·소재,S02 M02 Q005,미확정
3-1,DB가 있을 때와 없을 때,이세란,다시 연락할 관계가 남는 경우와 매번 새로 유입해야 하는 경우를 비교한다.,한 번의 방문과 이후 다시 연락할 수 있는 관계의 차이를 설명한다.,고객 목록이 있으면 후속 질문·안내·제안을 이어갈 수 있지만 연락처만으로 구매가 보장되지는 않는다.,우리 회사에서 연결을 잃는 접점과 다시 이어갈 필요를 찾는다.,수집 도구·시트·문구 작성은 후속 강의로 넘긴다.,DB 유무에 따른 흐름 비교,고객 접촉이 끊긴 사례와 다시 연결한 사례,S02 S04 M02,미확정
3-2,DB를 모으는 퍼널,이세란,작은 문제 해결부터 고객 정보와 다음 제안까지 연결한다.,본상품 구매 전 고객이 해결하고 싶은 작은 문제를 고른다.,그 문제를 해결하는 자료·체험·진단과 본상품의 관계를 설계한다.,발견→신청→전달→후속 행동을 연결하고 유입 규모와 관심의 질을 함께 본다.,무료 제공 자체가 정답이라고 말하지 않는다. 법적 요건·도구 설정은 별도 확인한다.,리드마그넷·신청 퍼널,리드마그넷 후보·신청 화면·전달 방식,M02 S01 G005,미확정
3-3,DB 관리 시트,이세란,연락처 외에 출처·관심·단계·다음 행동을 관리한다.,고객을 구별할 정보와 유입 경로·관심·최근 행동·다음 할 일을 나눈다.,담당자·갱신 시점·중복 처리 기준을 정해 실제로 관리할 수 있는 시트를 설계한다.,필요한 판단에 쓰이지 않는 항목은 줄이고 현재 모르는 정보는 표시한다.,특정 CRM 제품의 설정법은 추가 자료로 다루며 불필요한 정보 수집을 전제하지 않는다.,DB 관리 시트,기존 DB 시트·필드 정의·업무 흐름,M02 S02 S04,미확정
3-4,고객 단계 나누기,이세란,연락 가능·관심·구매 준비 상태를 나눠 다음 행동을 정한다.,신규·관심·구매 검토 등의 단계 이름에 관찰 가능한 행동 기준을 붙인다.,마지막 구매일 하나만으로 관심과 의도를 단정하지 않는다.,단계 이동 조건과 다음에 확인할 질문을 정한다.,현재 단계는 가설이며 고객이 항상 직선으로 이동한다고 가정하지 않는다.,고객 단계 정의표,고객 행동 예시·분류 기준·애매한 사례,M02 S04 S02,미확정
3-5,DB로 매출 예상하기,이세란,고객 수·단계별 전환·구매금액으로 조건별 매출을 계산한다.,전체 연락처 수와 실제 제안 가능한 고객 수를 구분한다.,단계별 대상 수·전환 가정·구매 단가를 이용해 조건부 매출 범위를 계산한다.,기간·중복·재구매 포함 여부와 가정의 출처를 적고 실제값과 비교한다.,총 DB 수에 고정 전환율을 곱해 확정 매출로 말하지 않는다.,DB 기반 시나리오,단계별 고객 수·과거 전환·구매 데이터,M02 M03,미확정
4-1,고객 단계와 발송 시기,권기동,고객의 행동과 상태에 따라 보낼 메시지와 시점을 정한다.,고객 단계에 따라 먼저 해결해야 할 질문과 메시지 목적이 달라진다.,신청·자료 이용·질문·구매 등 관찰된 행동을 발송 계기로 연결한다.,다음 행동과 후속 연락 조건을 정하고 고객 반응에 따라 흐름을 조정한다.,시트 비고대로 CRM 문구·발송 중심이며 상담 기술로 확장하지 않는다.,발송 조건표,실제 발송 이력·고객 행동·운영 주기,S04 S02 S01,미확정
4-2,CRM 문구 기본 포맷 (변경안),권기동,관심 유도·가치·증거·다음 행동이 이어지는 문구를 만든다.,받는 사람이 왜 이 메시지를 읽어야 하는지 맥락을 밝힌다.,고객 문제와 구체적 가치·근거를 연결하고 필요한 행동을 분명히 안내한다.,한 문구 안에서 약속과 링크 이후 경험이 일치하는지 검토한다.,하나의 고정 공식이 모든 고객에게 최적이라고 말하지 않는다. 제목은 변경안 상태다.,CRM 기본 문구틀,실제 문자·이메일·알림 메시지와 연결 화면,S03 S01 G008,미확정
4-3,단계별 문구 — 신규·관심·구매 검토 (변경안),권기동,신규·관심·검토 고객에게 같은 문구를 반복하지 않고 필요한 정보를 보낸다.,신규 고객에게는 관계의 맥락과 받을 가치를 설명한다.,관심 고객에게는 남은 궁금증을 해결하고 구매 검토 고객에게는 비교·조건·증거를 제공한다.,동일 상품을 두고 단계별로 강조점과 다음 행동을 다르게 작성한다.,문구 기본 요소를 다시 길게 설명하지 않고 4-2의 틀을 적용한다.,단계별 문구,동일 상품의 단계별 실제 질문·문구,S03 S04 G008,미확정
4-4,구매 유도·마감 문구 (변경안),권기동,구매 이유와 실제 마감 조건을 명확히 전달한다.,고객이 결정하는 데 필요한 구매 조건·제공 범위·다음 행동을 명확히 한다.,실제 마감이나 수량 제한이 있다면 그 이유와 적용 조건을 전달한다.,구매를 망설이는 이유에 답하되 증명할 수 없는 보장과 가짜 긴급성을 넣지 않는다.,전체 런칭·웨비나 대본으로 확장하지 않는다.,구매·마감 문구,확정된 가격·기간·수량·보장 조건·구매 질문,M01 S03 S04,미확정
4-5,미구매·휴면 고객 재발송 문구 (변경안),권기동,미구매·휴면의 이유에 맞춰 다른 정보나 제안을 보낸다.,미구매와 휴면을 구분하고 마지막 접점과 당시 반응을 확인한다.,이전과 같은 문구 반복 대신 새로운 정보·해결할 질문·적합한 제안을 선택한다.,응답·재방문·거절에 따라 다음 연락 또는 중단 조건을 정한다.,체계적인 휴면 복귀 모델은 추가 근거가 필요하며 구독 해지 대응은 8-5로 넘긴다.,재발송 시퀀스,미구매·휴면 이유와 기존 재발송 사례,S01 S02 S03,미확정
4-6,CRM 성과 측정 방법 (변경안),권기동,발송·도달·반응·구매를 구분해 다음 문구를 개선한다.,발송·도달·반응·구매를 서로 다른 사건으로 정의한다.,같은 대상·기간·목적에서 문구와 제안의 성과를 비교한다.,좋거나 나쁜 숫자만 보는 대신 어느 단계의 설명을 바꿀지 결정한다.,플랫폼별 추적 기능과 인과 효과를 확인 없이 단정하지 않는다.,CRM 성과표,발송 결과·전환 추적·구매 기록 예시,M02 S01 Q008,미확정
5-1,우리 회사에 맞는 퍼널 선택하기,권기동,상품과 구매 방식에 맞는 고객 경로를 선택한다.,구매 결정의 복잡도와 고객이 먼저 확인해야 할 정보를 기준으로 경로를 선택한다.,바로 구매·신청·자료 수령 등 가능한 다음 행동을 비교한다.,회사의 상품·가격·제공 방식에 맞춰 필요한 단계만 남긴다.,예쁜 디자인이나 특정 퍼널 유형을 모든 회사에 적용하지 않는다.,퍼널 선택 이유,상품별 실제 구매 여정·후보 페이지,S01 S02,미확정
5-2,팔리는 홈의 구성,이세란,고객·결과·차이·증거·다음 행동이 보이도록 홈을 구성한다.,고객이 누구를 위한 어떤 제안인지 빠르게 이해하도록 내용을 구성한다.,상품 가치·증거·제공 조건·자주 묻는 질문을 구매 판단 순서에 맞춰 배치한다.,고객이 다음 행동을 할 위치와 필요한 정보를 연결한다.,완성 디자인·개발 구현은 직원의 추가 자료 작업으로 넘긴다.,홈 구성안,실제 홈 화면·USP·상품 정보·후기,S01 S03,미확정
5-3,플랫폼과 자사몰 연결하기,이세란,외부 플랫폼의 발견을 자사 접점의 관계로 연결한다.,플랫폼과 자사 홈이 각각 발견·신뢰·거래에서 맡는 역할을 구분한다.,고객이 이동할 이유와 이동 후 얻을 가치를 만든다.,이동 경로와 성과를 추적하고 접점 간 메시지·상품 조건을 맞춘다.,플랫폼 고객 정보를 임의로 가져올 수 있다고 전제하지 않고 실제 허용 기능을 확인한다.,플랫폼·자사 접점 연결도,사용 플랫폼 정책·화면·허용 링크·고객 경로,S02 G012,미확정
5-4,DB와 CRM 연결하기,이세란,신청 정보와 구매 상태를 후속 메시지에 연결한다.,홈에서 발생한 신청·문의·구매를 고객 기록과 연결한다.,행동별로 전달할 자료와 다음 메시지·담당자의 일을 정의한다.,누락·중복·전달 실패를 점검할 운영 흐름을 설계한다.,특정 도구 연동·자동화 코드는 직원 단계에서 실제 환경을 확인한다.,폼·DB·CRM 연결도,사이트 폼·DB·메시지 도구·담당자 업무,S01 S02 S04,미확정
5-5,홈을 복리 자산으로 만들기,이세란,홈의 콘텐츠·후기·데이터를 다음 개선에도 사용한다.,반복되는 고객 질문과 선택 이유를 홈에 축적한다.,새로 만든 콘텐츠·증거·FAQ를 구매 경로에 연결해 재사용한다.,내용의 정확성과 성과를 주기적으로 점검해 오래된 정보를 갱신한다.,페이지 수가 늘면 성과가 자동 누적된다고 말하지 않는다.,축적 자산 목록,콘텐츠·FAQ·후기 업데이트 이력,S02 S03 S01,미확정
5-6,전환율 측정하기,이세란,페이지 전체를 한꺼번에 바꾸지 않고 이탈 구간과 가설을 본다.,홈 전체 성과와 방문→신청→구매의 단계별 전환을 구분한다.,채널·기기·기간·고객 유형 차이를 고려해 이탈 지점을 확인한다.,제안·증거·행동 안내 중 바꿀 가설과 관찰 지표를 정한다.,현재 분석 도구 설정과 통계적 판단은 확인된 범위에서만 구체화한다.,전환율·실험표,방문·신청·결제 데이터와 실험 사례,S01 M02 Q008,미확정
6-1,리텐션과 복리 마케팅,이세란,첫 거래 이후의 고객가치와 비용 회수를 함께 본다.,신규 고객 확보만 반복할 때와 기존 고객의 후속 가치를 높일 때를 비교한다.,리텐션은 만족과 실제 사용·문제 해결이 이어질 조건을 설계하는 일로 설명한다.,재구매·추가 구매·소개가 서로 다른 경로임을 구분한다.,모든 상품에 높은 구매 빈도를 강요하지 않으며 구독은 CH08에서 다룬다.,고객가치 구조도,고객당 구매 이력과 구매 후 경험 사례,S01 M03,미확정
6-2,재구매 주기와 구매 후 고객 경험,이세란,첫 만족과 다음 필요가 생기는 시점에 맞춰 고객 경험을 설계한다.,구매 직후 고객이 기대한 가치를 얻기까지의 과정을 정리한다.,사용 안내·첫 성과·문제 해결·소진 또는 다음 필요 발생 시점을 찾는다.,상품별 실제 주기에 맞춰 지원과 재구매 안내를 배치한다.,근거 없는 고정 발송 주기나 업종 공통 재구매 주기를 정하지 않는다.,구매 후 여정·주기표,사용·재구매 이력·고객 문의·불만,S01 S02 M03,미확정
6-3,업셀링과 추가 구매,이세란,다음 문제를 해결하는 상품을 적절한 시점에 제안한다.,현재 구매를 더 잘 활용하게 돕는 보완 제안과 더 높은 수준의 문제를 해결하는 제안을 구분한다.,기존 상품으로 해결되는 범위와 추가 구매가 필요한 범위를 명확히 한다.,고객 적합성·제공 비용·제안 시점을 함께 판단한다.,단순 가격 인상이나 강제 묶음을 업셀의 전부로 설명하지 않는다.,업셀·추가 구매표,상품 구성·업셀 이력·추가 고객 문제,M03 S01 G007,미확정
6-4,지인 소개 프로그램,이세란,만족한 고객이 소개할 이유·방법·시점을 만든다.,소개가 가능한 고객 경험과 소개할 대상이 누구인지 먼저 정한다.,소개를 요청할 시점·전달 방식·양쪽의 가치와 필요한 보상 조건을 설계한다.,소개 후 실제 문의·구매·고객 적합성을 확인한다.,소개는 중요하지 않다는 리뷰 의견과 원전의 소개 장을 구분한다.,소개 프로그램 초안,실제 소개 경로·보상 비용·고객 반응,M02 G008,미확정
6-5,재구매·업셀·소개 시퀀스,이세란,안내·성과 확인·재구매·업셀·소개를 고객 상태에 맞게 연결한다.,구매 후 고객 경험의 시간 흐름에 재구매·업셀·소개를 배치한다.,같은 고객에게 서로 다른 제안이 충돌하지 않도록 목적과 우선순위를 정한다.,행동에 따라 다음 제안을 바꾸거나 멈추는 시퀀스를 설계한다.,모든 고객에게 동일한 세 제안을 같은 간격으로 보내지 않는다.,구매 후 시퀀스,구매 후 메시지·제안 일정·대상 조건,S01 S02 M03,미확정
6-6,성과 측정,이세란,반복 구매와 소개의 매출뿐 아니라 비용·이익을 확인한다.,재구매·업셀·소개를 따로 정의하고 관찰 기간과 고객 집단을 정한다.,반복 구매 매출과 제공·보상 비용을 함께 확인한다.,성과가 낮은 구간을 상품 경험·제안 적합성·운영 문제로 나눠 다음 개선을 정한다.,고객 생애가치를 짧은 기간의 매출만으로 확정하지 않는다.,리텐션 성과표,고객별 구매·제공 원가·소개 집계,M02 M03,미확정
7-1,왜 커뮤니티인가,이세란,상품 사용·실행·관계 유지에서 커뮤니티가 필요한지 판단한다.,고객에게 정보 외에 실행·피드백·동료 관계가 필요한지 판단한다.,회사가 만들 커뮤니티의 목적과 고객이 계속 참여할 이유를 구분해 연결한다.,운영 비용에 비해 지속할 가치가 없다면 커뮤니티가 필수가 아님을 설명한다.,커뮤니티 운영법 전체의 직접 근거는 부족하며 구독 사례를 일반 법칙으로 쓰지 않는다.,커뮤니티 필요성 판단,기존 고객의 반복 질문·교류 수요·운영 사례,Q006 G002 M03,미확정
7-2,핵심 행동과 운영 장치,이세란,고객이 실제로 할 핵심 행동과 피드백 장치를 정한다.,회원이 어떤 행동을 반복하면 원하는 결과에 가까워지는지 정한다.,질문·실행 기록·피드백·동료 교류를 돕는 장치를 그 행동에 맞춰 배치한다.,"운영자와 회원의 역할, 첫 참여부터 재참여까지의 경로를 설계한다.",행사·챌린지 숫자를 늘리는 것 자체를 목표로 삼지 않는다.,핵심 행동·운영 일정,실제 운영 일정·참여 규칙·활동 예시,Q006 G002,미확정
7-3,후기와 수익인증 플라이휠,이세란,고객 결과를 조건이 보이는 후기로 수집하고 전달한다.,실행과 결과를 기록해야 후기가 무엇을 보여주는지 판단할 수 있다.,후기를 다른 회원의 이해·실행에 도움이 되는 정보로 구성한다.,그 경험이 새로운 참여와 사례로 이어지는 경로를 설계하고 개인정보·공개 범위를 확인한다.,수익 인증은 실제 검증 가능한 경우만 사용하며 보장처럼 제시하지 않는다.,후기·사례 수집표,원본 성과 기록·기간·조건·공개 동의·실패 사례,M02 G002 Q006,미확정
7-4,소개 프로그램과 연결하기,이세란,성과를 경험한 고객의 소개를 커뮤니티 흐름에 연결한다.,커뮤니티 참여의 만족과 외부 사람에게 추천할 이유를 구분한다.,추천 대상·초대 시점·신규 회원이 받을 가치를 명확히 한다.,초대 후 첫 경험과 기존 회원 경험이 함께 유지되도록 운영한다.,일반 소개 프로그램은 6-4를 재사용하고 커뮤니티 맥락의 차이만 심화한다.,소개 동선,회원 초대·온보딩·추천 보상 실제 사례,M02 Q006,미확정
7-5,운영 위임과 측정,이세란,담당자·운영 반복 업무·측정 기준을 분리한다.,회원의 핵심 행동과 운영자가 반복할 업무를 나눈다.,질문 응답·문제 처리·기록·행사 진행의 기준을 문서로 넘긴다.,가입 수뿐 아니라 첫 참여·지속 참여·문제 해결·운영 부담을 확인한다.,커뮤니티 전용 지표·운영 주기는 적용안으로 표시한다.,역할·운영·성과표,운영 매뉴얼·활동 기록·담당자 처리 사례,M02 G011 Q006,미확정
8-1,월구독이 가능한 조건,권기동,반복되는 필요와 지속 제공 가능성이 있는지 먼저 판단한다.,고객에게 반복적으로 생기는 필요와 회사가 계속 제공할 가치를 확인한다.,한 번의 상품 대금을 나눠 받는 것과 지속 제공에 대한 구독을 구분한다.,가치 지속·제공 능력·유지 비용을 비교해 구독 적합성을 판단한다.,모든 업종에 월구독을 권하지 않는다.,구독 적합성 점검표,지속 고객 문제·제공 주기·기존 반복 서비스,M03 S01,미확정
8-2,업종별 반복매출 방식,권기동,배송·관리·점검·지원 등 반복 가치의 형태를 비교한다.,반복 보충·지속 이용·정기 관리·정보와 지원 등 반복 가치의 형태를 비교한다.,업종별 구매 주기와 제공 단위를 기준으로 가능한 방식을 선택한다.,비슷한 가격 구조라도 고객이 계속 지불할 이유가 다른 점을 설명한다.,업종별 예시는 검증된 사례 또는 가상 적용안으로 구분한다.,업종별 반복 가치 가설,업종별 실제 상품·고객 이용 주기,M03 Q006 G007,미확정
8-3,기존 상품에서 월구독으로 연결하기,권기동,본상품 사용 뒤 생기는 다음 문제를 지속 제안으로 연결한다.,기존 상품 이용 후 계속 남거나 새로 생기는 고객 문제를 찾는다.,일회성 상품과 지속 서비스의 역할·범위·가격 관계를 설명한다.,구독 제안 시점과 첫 이용 경험을 설계해 고객이 추가 가치를 확인하게 한다.,원래 제공해야 할 기능을 임의로 빼 구독 필요성을 만들지 않는다.,첫 구매→구독 경로,기존 상품·구독 후보·고객 후속 질문,M03 S01,미확정
8-4,월구독 운영 구조와 손익,권기동,제공 범위·인력·비용·유지기간을 함께 계산한다.,회원 수뿐 아니라 제공량·인력·원가·지원 비용을 함께 계산한다.,신규 가입과 해지가 동시에 일어나는 운영 상황을 고려한다.,서비스 품질을 유지할 수용량과 담당·반복 업무를 정한다.,단순 월매출을 확정 이익으로 계산하지 않는다.,구독 운영·손익표,월별 가입·해지·이용량·업무 시간·원가,M03 G011,미확정
8-5,해지와 윈백,권기동,해지 이유와 미사용 원인을 분리하고 개선·복귀 제안을 만든다.,해지 이유를 필요 소멸·사용 부족·가치 불일치·운영 문제 등으로 구분한다.,고객 문제를 해결할 수 있는 개선과 적합한 복귀 제안을 구별한다.,해지 전후 연락과 복귀 결과를 기록하되 돌아오는 것이 항상 정답이라고 가정하지 않는다.,현재 자료의 체계적 윈백 근거가 부족하므로 사용자 자료를 받아 구체화한다.,해지 원인·윈백표,해지 사유·복귀 이력·실제 고객 인터뷰,M03 S02,미확정
9-1,트래픽의 네 가지 방법,이세란,유입의 전체 선택지를 보고 우리 분류와 원전 분류의 차이를 이해한다.,100M Leads의 아는 사람·모르는 사람과 일대일·일대다 축으로 네 접근 방식을 설명한다.,직접 연락·콘텐츠·광고 등 방법과 실제 플랫폼 이름을 구분한다.,기획 문서가 별도의 네 분류를 사용한다면 두 분류의 목적과 대응 관계를 밝힌다.,원전의 Core Four를 검색·콘텐츠·광고·제휴 네 가지라고 바꿔 인용하지 않는다.,유입 방법 지도,강사가 사용할 네 분류의 정의·현재 채널 사례,M02 S02 G005,미확정
9-2,우리 회사에 맞는 채널 고르기,이세란,고객 위치·예산·인력·구매 방식으로 우선 채널을 정한다.,고객이 모인 위치와 구매 의도·정보 탐색 방식을 확인한다.,상품 설명 방식·회사 예산·인력·콘텐츠 생산 능력과 채널을 비교한다.,먼저 검증할 채널과 다음 접점으로 이어질 경로를 선택한다.,2-4의 상품 적합성 판단을 입력으로 쓰며 모든 채널 집행은 요구하지 않는다.,채널 우선순위,실제 고객 조사·채널별 비용과 실행 자원,S02 M02 Q005,미확정
9-3,검색·콘텐츠·광고,이세란,검색·콘텐츠·광고의 역할과 연결을 가설로 실행한다.,검색·콘텐츠·광고가 서로 겹칠 수 있는 분류임을 밝히고 발견되는 상황의 차이를 설명한다.,고객 상태와 USP에 맞춰 소재·정보·다음 행동을 연결한다.,소규모 실행에서 무엇을 바꾸고 어떤 결과를 관찰할지 정한다.,도구 화면·정책·집행 기능은 직원이 최신 실제 자료로 확인한다.,채널별 첫 실험,검색 사례·콘텐츠·광고 소재·성과 화면,M02 S03 G020,미확정
9-4,플랫폼·크리에이터·제휴,권기동,이미 고객과 신뢰를 가진 파트너와 협업 경로를 설계한다.,다른 사업자나 창작자의 고객·신뢰·유통 경로를 통해 접근하는 방식을 비교한다.,고객 적합성·제안·역할·보상·성과 확인 방법을 정한다.,첫 협업에서 효과와 운영 부담을 확인하고 반복 여부를 판단한다.,플랫폼 정책·수수료·계약 조건은 실제 자료 없이 확정하지 않는다.,제휴·크리에이터 연결표,파트너 후보·고객 특성·협업 조건·결과,S02 M02,미확정
9-5,트래픽을 복리 자산으로 만들기,권기동,유입의 결과를 DB·콘텐츠·학습 데이터로 남긴다.,유입의 결과가 한 번의 방문으로 끝나는 지점을 찾는다.,적합한 홈·자료·DB·후속 관계로 연결해 고객이 다시 돌아올 경로를 만든다.,소재와 실험 기록도 재사용할 수 있도록 남기고 특정 채널 의존을 점검한다.,팔로워 수 자체를 회사가 자유롭게 연락할 수 있는 DB로 간주하지 않는다.,트래픽 자산 전환표,유입 이후 경로·DB·재사용 소재·계정 구조,S02 M02 G012,미확정
10-1,직접 실행부터 위임까지,권기동,직접 이해한 기준을 문서와 교육으로 옮긴 뒤 위임한다.,위임할 작업의 입력·과정·결과와 품질 기준을 먼저 이해한다.,반복 가능한 부분을 문서화하고 직원이 같은 기준으로 실행하도록 교육한다.,실행 결과를 비교하며 부족한 기준과 지원을 보완한다.,대표가 모든 기술을 최고 수준으로 익혀야만 위임할 수 있다고 말하지 않는다.,위임 순서표,직접 실행 기록·작업 지시서·검수 예시,M02 G004 Q008,미확정
10-2,회사 규모별 운영 방식,권기동,현재 회사 규모와 병목에 맞춰 역할을 나눈다.,현재 인력·업무량·의사결정 병목을 기준으로 운영 역할을 나눈다.,규모가 커질 때 개인 실행·팀 관리·조직 간 조율의 비중이 달라지는 이유를 설명한다.,이번 규모에서 먼저 분리할 역할과 아직 묶어도 되는 일을 정한다.,칼럼의 매출 구간·채용 등급을 업종 공통 기준으로 사용하지 않는다.,규모별 역할표,조직도·업무량·대표 병목·실제 규모별 사례,Q003 G011 G014,미확정
10-3,AI 활용,이세란,AI에 맡길 입력·출력과 사람이 검수할 기준을 정한다.,조사·기획·초안·제작·검토 과정에서 AI를 보조로 쓸 구간을 고른다.,자료·목표·제약·출력 형식을 정해 업무를 전달한다.,결과의 사실·근거·브랜드 적합성을 사람이 검수하고 실제 절약과 오류를 기록한다.,현재 툴 성능·가격·버튼 안내는 사용자 추가 자료와 실제 시연이 필요하다.,AI 업무·검수표,직원 실제 AI 작업 전후·입력 자료·검수 사례,Q008 G010,미확정
10-4,마케팅 직원 채용,이세란,필요한 결과·역량·교육·측정 방식으로 채용 기준을 만든다.,뽑을 사람의 직함보다 맡길 결과물과 책임 범위를 먼저 정의한다.,필요 역량을 실제 작업과 검수 기준으로 확인한다.,입사 후 자료·교육·피드백·평가 흐름을 설계한다.,학력·연봉을 능력의 고정 대리 지표로 사용하지 않는다.,직무·평가·온보딩표,직무기술서·실무 과제·온보딩·평가표,M02 G011 Q003,미확정
10-5,외주·대행사 관리,이세란,대행 결과의 판단 기준과 데이터 접근·인수인계를 정한다.,대행 범위·목표·비용·보고·권한을 시작 전에 명확히 한다.,숫자 결과와 실행 품질을 함께 보고 가설과 수정 행동을 요구한다.,유지·수정·종료 판단과 인수인계 항목을 정한다.,법률 계약 문구나 모든 계정의 공통 손절 수치를 확정하지 않는다.,외주 평가·인수인계표,실제 제안서·리포트·업무 범위·인수인계,M02 Q009 G012,미확정
10-6,맡겨도 회사에 남게 하기,이세란,실행을 맡겨도 계정·원본·고객·성과·매뉴얼을 관리한다.,직원·대행사가 사용한 계정·원본·데이터·실행 기록이 어디에 남는지 확인한다.,담당자가 바뀌어도 이어받을 수 있도록 접근 권한과 문서 위치를 정한다.,인수인계 실연으로 빠진 정보와 개인 의존을 찾는다.,1-3의 자산 진단을 운영 기준으로 발전시키되 보유 권리는 실제 계약 조건을 확인한다.,회사 보유 자산·권한표,계정 권한표·폴더 구조·문서·인수인계 체크,G015 G011 M02,미확정
11-1,전체 마케팅 흐름 연결,이세란,개별 강의의 결과물을 한 고객 여정과 운영 구조로 연결한다.,상품·유입·홈·DB·CRM·구매·리텐션·운영 결과물을 한 흐름으로 연결한다.,각 단계의 결과가 다음 단계에서 실제로 사용되는지 확인한다.,누락·중복·서로 충돌하는 제안을 정리하고 핵심 운영 경로를 선택한다.,모든 회사가 커뮤니티와 구독을 반드시 도입하도록 강요하지 않는다.,전체 마케팅 운영도,앞선 강의 결과물 전체와 현재 운영 경로,M03 M02 S01,미확정
11-2,마케팅 대시보드,이세란,단계별 숫자와 정의·담당자를 한곳에서 본다.,대표가 내려야 할 결정에서 역산해 필요한 지표를 고른다.,각 지표의 정의·기간·데이터 출처·담당자를 고정한다.,숫자 변화가 어떤 검토나 실행을 촉발할지 정한다.,도구를 많이 연결하거나 지표를 많이 보여주는 것 자체를 완성으로 보지 않는다.,대시보드 명세,실제 데이터·보고 주기·대시보드 예시,M02 M03,미확정
11-3,주간 운영 시스템,이세란,성과 확인→가설→담당→실행→재검토를 주간 반복으로 만든다.,정해진 주기에 이전 가설·실행·결과를 함께 확인한다.,가장 중요한 질문과 다음 실험을 선정하고 담당·기한·필요 자원을 정한다.,결정의 이유와 이후 결과를 기록해 다음 회의에서 이어받는다.,주간 주기는 이 과정의 운영 적용안이며 원전의 유일한 정답이라고 하지 않는다.,주간 회의·실험 운영판,실제 회의록·실험 기록·담당자 운영표,M02 Q008 G013,미확정
11-4,복리 마케팅 자산 확인,이세란,시작 때와 비교해 회사에 남은 자산과 활용 가능성을 확인한다.,시작 때 작성한 자산 목록과 현재 상태를 같은 기준으로 비교한다.,고객·콘텐츠·데이터·매뉴얼이 실제로 재사용되는지 증거를 확인한다.,새 자산과 방치된 자산·의존 지점을 구분해 다음 유지·개선 과제를 정한다.,매출 증가를 모두 교육 효과로 귀속하거나 자동으로 성과 달성을 판정하지 않는다.,전후 자산 점검표,1-3 결과·변경 이력·활용 증거,S02 G015,미확정
11-5,다음 3개월 실행계획,이세란,다음 병목과 자원 한도에 맞춰 실행·중단·유지 조건을 정한다.,현재 병목과 검증된 학습을 기준으로 다음 3개월의 우선 목표를 정한다.,목표를 실행·관찰 지표·책임·자원으로 나누고 유지·수정·중단 조건을 적는다.,기존 운영을 유지할 일과 새로 시도할 일을 구분해 계획을 마무리한다.,계획과 달성 결과를 구분하며 날짜·담당자 확정은 실제 사용자 운영에 맞춘다.,다음 90일 계획,최신 대시보드·자원 한도·일정·의사결정,M02 M03 G013,미확정
