원천ID,게시글ID,제목,작성일,작성자,자료성격,키워드,B2B활용메모,원문URL,원문파일,스토리카드,본문문단수,이미지참조수,삽입게시물수,상태
EPR-CAFE-33779,33779,마감 - 블로그 마케팅 부업 마지막 오프라인 강의 안내,2026-04-29,주는사란,운영 경험·강의 공지,대행가치·기획·실행,블로그 실행을 넘어 고객의 문제 발견·기획을 서비스로 제공하려는 전환. 수의원 고객 흐름 등 원문의 설계 예시와 향후 강의 계획을 실제 성과와 구분한다.,https://cafe.naver.com/ranschool/33779,카페원문/33779.md,스토리카드/33779.md,89,11,0,카페 HTML·텍스트 보관
EPR-CAFE-33606,33606,[수강생질문답변] 수정 요청 많이 하는 클라이언트 어떻게 할까요?,2026-01-18,주는사란,수강생 질문·본인 경험,고객응대·수정·기대관리,순위 보장과 글 개수 납품 기대가 수정 요구에 미치는 영향. 대행사의 역할과 작성 이유를 계약 전후에 설명하는 장면에 활용한다.,https://cafe.naver.com/ranschool/33606,카페원문/33606.md,스토리카드/33606.md,40,4,0,카페 HTML·텍스트 보관
EPR-CAFE-33602,33602,마케팅 효과 보는 업종 판별법,2026-01-14,주는사란,대행 경험·인터뷰,업종진단·구매관여도·CRM,학원 블로그 경험에서 적합 업종을 확장한 이야기. 매체부터 정하기 전에 구매 과정과 업종 조건을 진단하는 논리로 활용한다. 인터뷰 회사 매출은 본인 매출이 아니다.,https://cafe.naver.com/ranschool/33602,카페원문/33602.md,스토리카드/33602.md,39,1,1,카페 HTML 보관; 외부 삽입물은 메타데이터 기준
EPR-CAFE-33590,33590,(2탄) 요즘 매출은 결국 여기서 나온다.,2026-01-10,주는사란,타인 인터뷰·해석,온라인오프라인·후기·유통,축산업체 인터뷰에서 오프라인 경험과 온라인 판매의 연결을 검토한다. 인터뷰 수치는 그 회사의 당시 진술이며 이세란의 대행 성과로 바꾸지 않는다.,https://cafe.naver.com/ranschool/33590,카페원문/33590.md,스토리카드/33590.md,48,0,1,카페 HTML 보관; 외부 삽입물은 메타데이터 기준
EPR-CAFE-33579,33579,(1탄) 10평매장에서 연매출 60억 프랜차이즈 본사 대표님 인터뷰,2026-01-05,주는사란,타인 인터뷰·대행 경험,브랜딩·업종차이·콘텐츠,음식점의 시각적 차별화와 보청기처럼 다른 업종의 콘텐츠 조건을 비교할 때 참고한다. 제목의 매출은 인터뷰 대상 회사의 수치다.,https://cafe.naver.com/ranschool/33579,카페원문/33579.md,스토리카드/33579.md,45,4,3,카페 HTML 보관; 외부 삽입물은 메타데이터 기준
EPR-CAFE-33523,33523,마케팅을 잠깐만 쉬면 안되나요?,2025-11-28,주는사란,직접 경험,수용능력·지속마케팅·문의,학원 정원이 찼을 때 마케팅 중단을 요청받은 일과 본인 대행 업무가 몰려 마케팅을 쉰 일을 연결한다. 문의 확보와 실제 감당 가능한 운영량을 함께 판단하는 사례다.,https://cafe.naver.com/ranschool/33523,카페원문/33523.md,스토리카드/33523.md,20,6,0,카페 HTML·텍스트 보관
EPR-CAFE-33482,33482,"성향이 안맞는 고객, 극복 VS 포기",2025-10-27,주는사란,직접 경험·고민 중,의사결정자·업무범위·고객적합성,포트폴리오를 보고 의뢰한 사람과 실제 운영자의 기대가 다른 상황. 실행 권한과 역할을 맞추는 문제이며 계약 포기 여부는 미확정이다.,https://cafe.naver.com/ranschool/33482,카페원문/33482.md,스토리카드/33482.md,15,4,0,카페 HTML·텍스트 보관
EPR-CAFE-33476,33476,마케팅대행료 1억 놓친 후기,2025-10-24,주는사란,직접 경험·고민 중,고액계약·실행권한·책임,큰 계약에서 실행 자유와 결과 책임이 어긋난 고민. 제목만으로 계약 상실을 확정하지 않고 당시 진행 상태를 유지한다.,https://cafe.naver.com/ranschool/33476,카페원문/33476.md,스토리카드/33476.md,26,3,0,카페 HTML·텍스트 보관
EPR-CAFE-33419,33419,⭐️⭐️너무 중요⭐️⭐️2026년 마케팅 수익화 변화 예측,2025-09-29,주는사란,예측·의견,AI·매체변화·대행전략,당시 예상한 2026년 변화와 준비 방향을 보관한다. 지금 확인된 시장 사실이나 성과의 증거로 쓰려면 별도 검증한다.,https://cafe.naver.com/ranschool/33419,카페원문/33419.md,스토리카드/33419.md,47,11,0,카페 HTML·텍스트 보관
EPR-CAFE-33407,33407,실버타운 마케팅 설계도 그리기,2025-09-23,주는사란,고객사 미팅·설계안,고관여·잠재고객·출시전마케팅,실버타운 오픈 전 관심 고객을 모으고 유지하는 설계. 일정과 아이디어는 당시 계획이며 실행 후 성과로 바꾸지 않는다.,https://cafe.naver.com/ranschool/33407,카페원문/33407.md,스토리카드/33407.md,26,2,0,카페 HTML·텍스트 보관
EPR-CAFE-33397,33397,마케팅대행고객 규모별 응대법,2025-09-22,주는사란,특강 정리,고객규모·진단·응대,고객사 규모에 따라 필요한 설명과 문제 진단이 달라지는 관점. AI로 정리된 기록임을 유지하고 링크 미리보기 속 화자를 혼동하지 않는다.,https://cafe.naver.com/ranschool/33397,카페원문/33397.md,스토리카드/33397.md,89,3,1,카페 HTML 보관; 외부 삽입물은 메타데이터 기준
EPR-CAFE-33377,33377,가장 힘든 마케팅 클라이언트?,2025-09-18,주는사란,직접 경험·고민,고객신념·전략합의,자기 업종을 잘 아는 고객과 마케팅 판단이 다를 때의 어려움. 합의가 끝난 성공 사례로 꾸미지 않는다.,https://cafe.naver.com/ranschool/33377,카페원문/33377.md,스토리카드/33377.md,18,0,0,카페 HTML·텍스트 보관
EPR-CAFE-33375,33375,프랜차이즈 본사와의 마케팅 미팅 뒷 이야기,2025-09-17,주는사란,고객사 미팅,상품기획·프랜차이즈·진단,신메뉴를 홍보하는 방법에 앞서 무엇이 팔릴지 의논한 장면. 대행사가 판매 대상과 고객 문제까지 확인하는 이유에 활용한다.,https://cafe.naver.com/ranschool/33375,카페원문/33375.md,스토리카드/33375.md,28,0,0,카페 HTML·텍스트 보관
EPR-CAFE-33371,33371,분기별모임 특강 + 요즘 수익화 고민,2025-09-16,주는사란,특강 경험·운영 고민,AI·인력·수행능력,기업 대표 대상 특강과 늘어난 수요를 처리할 실행 인력에 대한 고민. 고객 확보와 조직의 수행 능력을 함께 보는 자료다.,https://cafe.naver.com/ranschool/33371,카페원문/33371.md,스토리카드/33371.md,23,6,0,카페 HTML·텍스트 보관
EPR-CAFE-33039,33039,분기별모임 특강 내용 안내,2025-07-01,주는사란,특강 안내·방법론,사례축적·보고·재현조건,블로그나 인스타 상품명보다 어떤 조건에서 효과가 났는지 설명하는 관점. 조회수 증가와 고객사 매출 증가는 구분한다.,https://cafe.naver.com/ranschool/33039,카페원문/33039.md,스토리카드/33039.md,24,8,0,카페 HTML·텍스트 보관
EPR-CAFE-32665,32665,클라이언트 사로 잡는 법 (대행 오래 유지하는 법),2025-04-22,주는사란,대행 방법론,고객유지·보고·신뢰,결과 링크만 보내는 대신 진행 과정과 판단 이유를 전달하는 방식. 고객이 대행 업무의 가치를 이해하도록 보고하는 논리다.,https://cafe.naver.com/ranschool/32665,카페원문/32665.md,스토리카드/32665.md,72,12,0,카페 HTML·텍스트 보관
EPR-CAFE-32578,32578,듣고 싶은 이야기 투표해주세요!,2025-04-11,주는사란,운영 근황·설문,고객적합성·콘텐츠기획,여러 계약 이후에도 새 고객마다 어려움이 있다는 근황과 주제 투표. 투표 선택지를 이미 해결한 사건으로 만들지 않는다.,https://cafe.naver.com/ranschool/32578,카페원문/32578.md,스토리카드/32578.md,17,4,0,카페 HTML·텍스트 보관
EPR-CAFE-32460,32460,진짜 문의가 올까? 의심이 된다면,2025-03-26,주는사란,수강생 사례·본인 경험,문의·콘텐츠축적·수용능력,수강생의 문의 사례와 본인 문의량 조절 경험을 분리한다. 글 개수나 경과 일수를 모든 고객의 성과 조건으로 일반화하지 않는다.,https://cafe.naver.com/ranschool/32460,카페원문/32460.md,스토리카드/32460.md,21,15,0,카페 HTML·텍스트 보관
EPR-CAFE-32429,32429,수익화 하는데까지 얼마나 걸리나요? 에 대한 진짜 대답,2025-03-22,주는사란,직접 경험·의견,팀·가치관·성장기간,돈이 벌리는 시점만 묻는 질문과 함께 일하는 사람의 가치관에 대한 생각. 계약 성과보다 조직 운영의 판단 자료로 활용한다.,https://cafe.naver.com/ranschool/32429,카페원문/32429.md,스토리카드/32429.md,27,1,1,카페 HTML 보관; 외부 삽입물은 메타데이터 기준
EPR-CAFE-32350,32350,마케팅대행 잘 못하는 사람 특징,2025-03-16,주는사란,대행 경험·의견,설명·자신감·성과대기,효과가 바로 보이지 않을 때도 전략과 피드백을 설명하는 대행사의 태도. 본인이 제시한 문의·계약 수치는 당시 기록으로 한정한다.,https://cafe.naver.com/ranschool/32350,카페원문/32350.md,스토리카드/32350.md,37,13,0,카페 HTML·텍스트 보관
EPR-CAFE-32333,32333,2020년에 쓴 블로그로 문의가 왔어요.,2025-03-13,주는사란,직접 경험,콘텐츠자산·장기문의,2020년 작성한 블로그에서 뒤늦게 문의가 온 장면. 콘텐츠가 남아 고객 접점을 만드는 경험으로 활용하되 영구 성과를 보장하지 않는다.,https://cafe.naver.com/ranschool/32333,카페원문/32333.md,스토리카드/32333.md,11,7,1,카페 HTML 보관; 외부 삽입물은 메타데이터 기준
EPR-CAFE-32315,32315,수익화 파이프라인을 만드는데 걸린 기간,2025-03-12,주는사란,직접 경험,퍼널·유튜브·홈페이지,새 채널과 사이트·모임을 연결해 문의 경로를 만든 기간. 본인의 실행 순서와 기간이며 누구나 같은 기간에 되는 공식이 아니다.,https://cafe.naver.com/ranschool/32315,카페원문/32315.md,스토리카드/32315.md,43,15,1,카페 HTML 보관; 외부 삽입물은 메타데이터 기준
EPR-CAFE-32213,32213,아이고 일복이 터졌네.... 또또또 왔다.,2025-03-04,주는사란,운영 근황·화면 기록,문의·상담·업무량,들어온 문의와 진단·견적 미팅의 짧은 근황. 세부 조건은 첨부 화면을 확인한 뒤 사용한다.,https://cafe.naver.com/ranschool/32213,카페원문/32213.md,스토리카드/32213.md,5,4,0,카페 HTML·텍스트 보관
EPR-CAFE-32184,32184,한번 마케팅엔진을 만들어놓으면 생기는 자동화,2025-03-03,주는사란,운영 근황·화면 기록,문의·마케팅흐름,구축한 경로에서 추가 문의가 들어왔다는 기록. 자동화라는 표현을 무노동·확정 수익으로 확장하지 않는다.,https://cafe.naver.com/ranschool/32184,카페원문/32184.md,스토리카드/32184.md,7,3,0,카페 HTML·텍스트 보관
EPR-CAFE-32179,32179,2024.11.18에 발행한 글 1개로 월 60만원씩 벌게된 방법 (상위노출 X),2025-03-03,주는사란,수강생 사례,콘텐츠·문의전환·계약,과거 글에서 발생한 수강생 계약 사례. 입금된 계약과 진행 중 건을 구분하고 본인 대행 실적으로 바꾸지 않는다.,https://cafe.naver.com/ranschool/32179,카페원문/32179.md,스토리카드/32179.md,17,15,0,카페 HTML·텍스트 보관
EPR-CAFE-32034,32034,16번째문의,2025-02-25,주는사란,문의 기록,문의·응대,16번째 문의로 남긴 짧은 글과 화면 자료. 문의 수를 계약 수나 매출로 바꾸지 않는다.,https://cafe.naver.com/ranschool/32034,카페원문/32034.md,스토리카드/32034.md,3,1,0,카페 HTML·텍스트 보관
EPR-CAFE-31955,31955,"14.,15번째 문의",2025-02-20,주는사란,문의 기록,문의·견적·계약진행,14·15번째 문의와 계약 준비의 진행 기록. 제안 금액·예상 금액과 확정 매출을 구분한다.,https://cafe.naver.com/ranschool/31955,카페원문/31955.md,스토리카드/31955.md,9,2,0,카페 HTML·텍스트 보관
EPR-CAFE-31827,31827,"12,13번째 문의...또 왔다.",2025-02-12,주는사란,문의 기록,문의·인력·수행능력,12·13번째 문의와 늘어난 업무를 처리할 팀에 대한 고민. 유입 증가 뒤 운영 병목을 설명할 때 참고한다.,https://cafe.naver.com/ranschool/31827,카페원문/31827.md,스토리카드/31827.md,3,2,0,카페 HTML·텍스트 보관
EPR-CAFE-31712,31712,"8,9,10,11번째 문의",2025-02-04,주는사란,문의 기록,퍼널·문의·계약,초기 몇 달과 이후 주간 문의 흐름을 남긴 자료. 기간별 문의와 계약 수를 섞어 계산하지 않는다.,https://cafe.naver.com/ranschool/31712,카페원문/31712.md,스토리카드/31712.md,12,6,0,카페 HTML·텍스트 보관
EPR-CAFE-31246,31246,올해 부퇴사는 이렇게 됩니다💕,2025-01-01,주는사란,운영 계획,커뮤니티·교육운영,당시 부퇴사 운영 방향과 계획. 실행이 완료된 사업 성과로 사용하지 않는다.,https://cafe.naver.com/ranschool/31246,카페원문/31246.md,스토리카드/31246.md,17,7,0,카페 HTML·텍스트 보관
EPR-CAFE-30632,30632,2년만에 처음으로 가는 주는사란 mt 준비중,2024-12-04,주는사란,직접 경험·행사 준비,팀·관계·커뮤니티,첫 MT 준비와 관계 형성의 기록. 고객 매출 사례보다 공동체 운영의 배경으로 활용한다.,https://cafe.naver.com/ranschool/30632,카페원문/30632.md,스토리카드/30632.md,16,11,0,카페 HTML·텍스트 보관
EPR-CAFE-30466,30466,글 100개의 의미,2024-11-27,주는사란,대행·교육 경험,콘텐츠축적·실행지원·운영개선,글 축적을 기다리기 어려운 고객과 수강생을 위해 강의·과제·카톡·챌린지를 고친 과정. 100개라는 수를 보장 공식으로 만들지 않는다.,https://cafe.naver.com/ranschool/30466,카페원문/30466.md,스토리카드/30466.md,17,9,0,카페 HTML·텍스트 보관
EPR-CAFE-30406,30406,일요일에 사무실에서,2024-11-24,주는사란,개인 일상,일·휴식·가치관,일요일 사무실과 가족을 떠올린 개인 기록. 고객사 사건으로 바꾸지 않고 일하는 태도 설명에 제한적으로 사용한다.,https://cafe.naver.com/ranschool/30406,카페원문/30406.md,스토리카드/30406.md,11,0,0,카페 HTML·텍스트 보관
EPR-CAFE-30321,30321,내 마케팅 대행 블로그로 문의를 받는 과정,2024-11-21,주는사란,직접 경험,대행사콘텐츠·문의·신뢰,대행 블로그에서 왜 자신을 선택할지 보여주는 과정. 사례·소통·결과를 어떻게 제시했는지 원문을 확인해 활용한다.,https://cafe.naver.com/ranschool/30321,카페원문/30321.md,스토리카드/30321.md,26,17,0,카페 HTML·텍스트 보관
EPR-CAFE-30196,30196,"블로그, 지금 시작해도 할수 있는 이유가 생겼어요",2024-11-16,주는사란,방법론·의견,블로그·매체변화,당시 블로그 환경에 대한 판단과 시작 가능성을 설명한 글. 현재 알고리즘의 검증된 설명으로 단정하지 않는다.,https://cafe.naver.com/ranschool/30196,카페원문/30196.md,스토리카드/30196.md,51,9,0,카페 HTML·텍스트 보관
EPR-CAFE-30161,30161,"블로그, 이렇게도 활용할 수 있습니다.",2024-11-15,주는사란,기사·화면 분석,블로그·클립·매체변화,네이버 실적 기사와 앱 화면을 보고 체류시간·광고 지면 변화를 해석한 글. 원문이 추측이라고 밝힌 부분을 확인된 플랫폼 의도로 바꾸지 않는다.,https://cafe.naver.com/ranschool/30161,카페원문/30161.md,스토리카드/30161.md,22,8,0,카페 HTML·텍스트 보관
EPR-CAFE-30128,30128,괴로운 일,2024-11-14,주는사란,직접 경험,콘텐츠제작·완성도,공개하기 전 영상 제작을 오래 고민한 장면. 개선 욕구가 제작과 실행을 지연시키는 경험으로 활용한다.,https://cafe.naver.com/ranschool/30128,카페원문/30128.md,스토리카드/30128.md,22,6,0,카페 HTML·텍스트 보관
EPR-CAFE-29840,29840,주는사란 2탄이 시작됐다.,2024-11-02,주는사란,직접 경험·진행 기록,채널목표·매출·조회수,새 채널을 조회수만이 아닌 사업 목적에 맞춰 운영한 기록. 예정된 수입을 실현 수입으로 바꾸지 않는다.,https://cafe.naver.com/ranschool/29840,카페원문/29840.md,스토리카드/29840.md,17,10,0,카페 HTML·텍스트 보관
EPR-CAFE-29303,29303,부업스파르타 / 마케팅대행창업반 공지관련 안내,2024-10-10,주는사란,강의 공지,준비·품질·교육운영,준비 상태에 맞춰 강의 진행을 조정한 기록. 교육상품 운영의 판단 자료이며 수강생 수익 보장이 아니다.,https://cafe.naver.com/ranschool/29303,카페원문/29303.md,스토리카드/29303.md,8,2,0,카페 HTML·텍스트 보관
EPR-CAFE-28838,28838,1년전 시작했던 간판업체 현황,2024-09-20,주는사란,사업 근황,간판업·팀·역할분담,시작한 간판업체의 1년 뒤 근황. 당시 팀 역할과 진행 내용을 보존하고 제목만으로 성과를 추정하지 않는다.,https://cafe.naver.com/ranschool/28838,카페원문/28838.md,스토리카드/28838.md,48,18,0,카페 HTML·텍스트 보관
EPR-CAFE-28655,28655,사람을 바꾸는 방법,2024-09-14,주는사란,교육 경험·방법론,행동변화·설득·실행,사람이 실제 행동을 바꾸게 돕는 방법에 대한 생각. 고객 행동을 설계하는 논리적 참고로 사용한다.,https://cafe.naver.com/ranschool/28655,카페원문/28655.md,스토리카드/28655.md,19,8,0,카페 HTML·텍스트 보관
EPR-CAFE-28572,28572,몸값이 높은 사람,2024-09-12,주는사란,의견,업무능력·관계·가치,일을 잘하는 능력과 관계의 역할을 논의할 때 참고한다. 몸값에 대한 표현을 실증된 수익 공식으로 사용하지 않는다.,https://cafe.naver.com/ranschool/28572,카페원문/28572.md,스토리카드/28572.md,5,1,0,카페 HTML·텍스트 보관
EPR-CAFE-27627,27627,주는사란 2탄이 곧 시작됩니다.,2024-08-05,주는사란,운영 계획,채널기획·성장,새 채널 준비 단계의 기록. 시작 전 의도와 실제 결과를 구분한다.,https://cafe.naver.com/ranschool/27627,카페원문/27627.md,스토리카드/27627.md,26,18,0,카페 HTML·텍스트 보관
EPR-CAFE-27006,27006,낙심이 될때,2024-07-15,주는사란,학원 경험·성찰,학습·진단·개선,아이의 공부 방식에 대한 장면에서 단순 노력과 구체적 사고의 차이를 설명한다. 대행 고객 사건으로 치환하지 않는다.,https://cafe.naver.com/ranschool/27006,카페원문/27006.md,스토리카드/27006.md,11,1,0,카페 HTML·텍스트 보관
EPR-CAFE-26906,26906,"마케팅대행부업, 사업자등록증 및 계약서 관련 간단 정리",2024-07-11,주는사란,당시 실무 안내,계약·사업자·기록,계약서와 업무 기록 운영의 참고 자료. 세무·법률 설명은 당시 글이며 현재 기준 적용 전 재확인한다.,https://cafe.naver.com/ranschool/26906,카페원문/26906.md,스토리카드/26906.md,44,3,0,카페 HTML·텍스트 보관
EPR-CAFE-26882,26882,겸직금지여도 할 수 있는 부업,2024-07-10,주는사란,당시 부업 안내,겸직·소득·대상차이,부업 대상 안내로 원문 보존한다. 현재 사업자 교육에 직접 옮기기 어렵고 법률·사규 판단은 별도 확인이 필요하다.,https://cafe.naver.com/ranschool/26882,카페원문/26882.md,스토리카드/26882.md,10,3,0,카페 HTML·텍스트 보관
EPR-CAFE-26858,26858,마케팅대행 실제 영업편 (1) 90초 걸림,2024-07-09,주는사란,영업 방법·예시,진단제안·영업·고객문제,고객 상황을 보고 짧게 제안하는 영업 방식. 예시를 실제 수주나 검증된 전환율로 바꾸지 않는다.,https://cafe.naver.com/ranschool/26858,카페원문/26858.md,스토리카드/26858.md,32,3,0,카페 HTML·텍스트 보관
EPR-CAFE-26359,26359,블로그 제목 55초컷 '봇' 개발 (7월 위너스클럽 혜택),2024-06-28,주는사란,도구 개발 기록,제목·AI·작업시간,제목 도구와 유형화의 시도. 도구가 고객 이해나 기획을 대신했다는 결론을 덧붙이지 않는다.,https://cafe.naver.com/ranschool/26359,카페원문/26359.md,스토리카드/26359.md,20,4,0,카페 HTML·텍스트 보관
EPR-CAFE-26276,26276,마케팅대행 영업자료 (1),2024-06-26,주는사란,영업 자료·양식,진단·상담·리드,무료 진단 자료를 통해 상담 접점을 만드는 방식. 양식 제공과 실제 계약 성과를 구분한다.,https://cafe.naver.com/ranschool/26276,카페원문/26276.md,스토리카드/26276.md,34,4,0,카페 HTML·텍스트 보관
EPR-CAFE-26168,26168,"마케팅대행, 연차별 시급 변화표",2024-06-24,주는사란,가정 계산·의견,단가·서비스범위·생산성,업무 숙련과 제공 범위가 단가에 미치는 관계를 설명하는 자료. 연차별 시급은 보장된 통계가 아닌 조건부 계산이다.,https://cafe.naver.com/ranschool/26168,카페원문/26168.md,스토리카드/26168.md,75,13,0,카페 HTML·텍스트 보관
EPR-CAFE-26016,26016,계약 전 상담 예시글 (1),2024-06-19,주는사란,상담 예시,문제진단·비용·제안,고객과 비용 대비 효과를 논의하는 상담 구조. 실제 본인 계약으로 사용하지 않으며 원문 계산 수치는 재검산한다.,https://cafe.naver.com/ranschool/26016,카페원문/26016.md,스토리카드/26016.md,55,1,0,카페 HTML·텍스트 보관
EPR-CAFE-25990,25990,수익화 못하지 못하도록 하는 '봇' 개발중,2024-06-18,주는사란,개발 계획,AI·실행지원·교육,실행을 돕는 도구 구상과 개발 중 기록. 완성된 제품·확인된 성과로 소개하지 않는다.,https://cafe.naver.com/ranschool/25990,카페원문/25990.md,스토리카드/25990.md,12,2,0,카페 HTML·텍스트 보관
EPR-CAFE-25967,25967,부러워 미칠것 같을 때,2024-06-17,주는사란,개인 성찰,비교·성장·노력,타인의 결과를 부러워하는 감정과 자신의 투입을 돌아보는 글. 고객사 성공의 객관적 조건으로 일반화하지 않는다.,https://cafe.naver.com/ranschool/25967,카페원문/25967.md,스토리카드/25967.md,11,0,0,카페 HTML·텍스트 보관
EPR-CAFE-25878,25878,부업 할 때마다 돈 못 버는 사람 특,2024-06-14,주는사란,직접 경험·의견,이자카야·실패·마케팅,마케팅을 갖추지 못한 사업 경험과 부채 이야기. 사업 시작과 고객 확보 준비의 관계를 설명할 때 사용한다.,https://cafe.naver.com/ranschool/25878,카페원문/25878.md,스토리카드/25878.md,24,0,0,카페 HTML·텍스트 보관
EPR-CAFE-25856,25856,똑바로 하는건가 싶을때,2024-06-13,주는사란,타인 사례·성찰,습관·변화·선택,친구의 변화 사례를 통해 기존 행동을 바꾸는 어려움을 설명한다. 본인 사업 성과로 전환하지 않는다.,https://cafe.naver.com/ranschool/25856,카페원문/25856.md,스토리카드/25856.md,20,2,0,카페 HTML·텍스트 보관
EPR-CAFE-25827,25827,월천만원 넘길 사람과 아닌 사람,2024-06-12,주는사란,직접 경험·의견,고객정보·판매·실력,부동산 등 경험에서 시험식 지식과 판매 상황의 차이를 본 관점. 수입 기준을 보편적인 판별법으로 쓰지 않는다.,https://cafe.naver.com/ranschool/25827,카페원문/25827.md,스토리카드/25827.md,24,0,0,카페 HTML·텍스트 보관
EPR-CAFE-25764,25764,일한만큼 돈을 못 받는 이유,2024-06-11,주는사란,의견·방법론,책임·가격·가치,투입 시간뿐 아니라 맡는 책임과 제공 가치를 가격과 연결하는 논리적 참고 자료다.,https://cafe.naver.com/ranschool/25764,카페원문/25764.md,스토리카드/25764.md,21,1,0,카페 HTML·텍스트 보관
EPR-CAFE-25726,25726,고객관리를 잘한다는 것,2024-06-10,주는사란,개인 관계 사례,관계·오해·응대,일상에서 상대를 잘못 판단한 이야기를 고객 이해에 연결한 글. 실제 고객 불만 처리 사례로 바꾸지 않는다.,https://cafe.naver.com/ranschool/25726,카페원문/25726.md,스토리카드/25726.md,7,0,0,카페 HTML·텍스트 보관
EPR-CAFE-25695,25695,AI시대에서 돈 버는 법,2024-06-09,주는사란,직접 경험,AI·문제정의·외주,엑셀 외주와 AI로 수식을 구한 경험. 실행 기술보다 문제를 구체적으로 설명하는 능력을 논의할 때 활용한다.,https://cafe.naver.com/ranschool/25695,카페원문/25695.md,스토리카드/25695.md,11,1,0,카페 HTML·텍스트 보관
EPR-CAFE-25653,25653,내 도전이 응원받지 못할 때,2024-06-07,주는사란,혼합 사례·성찰,도전·공동체·지지,도전을 지지받지 못하는 상황에 대한 생각. 도입의 타인 가족 이야기를 본인의 가족 경험으로 오인하지 않는다.,https://cafe.naver.com/ranschool/25653,카페원문/25653.md,스토리카드/25653.md,15,10,0,카페 HTML·텍스트 보관
EPR-CAFE-25591,25591,목표를 못 이루는 이유,2024-06-05,주는사란,의견·예시,목표·행동·통제가능성,원하는 결과와 직접 실행할 수 있는 행동을 구분하는 자료. 고객 목표를 업무로 구체화할 때 참고한다.,https://cafe.naver.com/ranschool/25591,카페원문/25591.md,스토리카드/25591.md,6,0,0,카페 HTML·텍스트 보관
EPR-CAFE-25558,25558,문제가 생겼을 때 대처하는 법,2024-06-04,주는사란,일상 경험·가정 예시,문제해결·정보·고객응대,문제가 생겼을 때 비난보다 필요한 정보를 찾는 관점. 고객 사진·대금 등의 예시는 실제 사건 여부를 유지한다.,https://cafe.naver.com/ranschool/25558,카페원문/25558.md,스토리카드/25558.md,16,2,0,카페 HTML·텍스트 보관
EPR-CAFE-25534,25534,토요일에 '이것'을 몰라 3만원 날렸어요ㅠㅠ,2024-06-03,주는사란,일상 경험,정보부족·문제정의,필요한 정보를 몰라 비용을 쓴 장면. 진단 전 정보 확인의 비유이며 의료적 조언으로 쓰지 않는다.,https://cafe.naver.com/ranschool/25534,카페원문/25534.md,스토리카드/25534.md,5,3,0,카페 HTML·텍스트 보관
EPR-CAFE-25443,25443,마음이 조급할 때,2024-05-31,주는사란,직접 경험·성찰,부채·자산·조급함,이자카야 부채와 토지 관련 부담을 돌아본 기록. 자산 보유와 현금 흐름·이익은 다른 수치로 취급한다.,https://cafe.naver.com/ranschool/25443,카페원문/25443.md,스토리카드/25443.md,7,0,0,카페 HTML·텍스트 보관
EPR-CAFE-25412,25412,퇴사하고 싶을 때,2024-05-30,주는사란,직접 경험·의견,실패·역량·사업준비,퇴사 충동보다 기술과 마케팅 역량을 점검하자는 생각. 본인 실패 배경은 유지하되 타인에게 같은 선택을 강요하지 않는다.,https://cafe.naver.com/ranschool/25412,카페원문/25412.md,스토리카드/25412.md,7,0,0,카페 HTML·텍스트 보관
EPR-CAFE-25378,25378,불편한 말을 지혜롭게 듣는 방법,2024-05-29,주는사란,의견,피드백·소통·고객관계,불편한 말의 문자 그대로와 의도를 구분하는 관점. 다른 성향의 고객과 일할 때 참고한다.,https://cafe.naver.com/ranschool/25378,카페원문/25378.md,스토리카드/25378.md,18,0,0,카페 HTML·텍스트 보관
EPR-CAFE-25343,25343,기회를 놓쳤을때 보세요.,2024-05-28,주는사란,직접 경험,기회·이자카야·선택,20대에 받은 사업 제안을 돌아본 글. 제안·선택·이후 결과는 원문 순서대로 확인해 사용한다.,https://cafe.naver.com/ranschool/25343,카페원문/25343.md,스토리카드/25343.md,9,2,0,카페 HTML·텍스트 보관
EPR-CAFE-25334,25334,좌절되는 순간 보세요.,2024-05-27,주는사란,일상 경험·성찰,연습·성과·개선,볼링 연습 경험에서 노력과 당장의 결과 차이를 본 기록. 마케팅 실험의 비유로 한정한다.,https://cafe.naver.com/ranschool/25334,카페원문/25334.md,스토리카드/25334.md,23,2,0,카페 HTML·텍스트 보관
EPR-CAFE-25256,25256,일상 생각을 적는 이유,2024-05-25,주는사란,직접 경험,기록·성찰·판단축적,일상 생각을 꾸준히 적은 이유. 대행 경험을 다음 판단에 활용할 기록으로 남기는 설명에 참고한다.,https://cafe.naver.com/ranschool/25256,카페원문/25256.md,스토리카드/25256.md,11,0,0,카페 HTML·텍스트 보관
EPR-CAFE-24659,24659,스팸문자도 이렇게까지 합니다.,2024-05-10,주는사란,외부 메시지 분석·예시,영업문구·고객상황·진단,문자 제안의 구조를 분석한 자료. 원치 않는 메시지 발송을 지시한 것으로 확대하지 않는다.,https://cafe.naver.com/ranschool/24659,카페원문/24659.md,스토리카드/24659.md,31,4,0,카페 HTML·텍스트 보관
EPR-CAFE-24637,24637,딱 한 분을 찾습니다.,2024-05-09,주는사란,모집 공지,수요확인·커뮤니티,특정 대상을 찾는 모집 글. 제안 대상과 반응을 확인하는 운영 자료로 보존한다.,https://cafe.naver.com/ranschool/24637,카페원문/24637.md,스토리카드/24637.md,13,3,0,카페 HTML·텍스트 보관
EPR-CAFE-24586,24586,고전적인 마케팅 방법,2024-05-08,주는사란,마케팅 사례 분석,커뮤니티·신뢰·광고,댓글 등을 활용하는 기존 마케팅 방식의 분석. 실제 본인 실행·성과로 단정하거나 기만 방식을 권장하는 근거로 쓰지 않는다.,https://cafe.naver.com/ranschool/24586,카페원문/24586.md,스토리카드/24586.md,7,2,0,카페 HTML·텍스트 보관
EPR-CAFE-24564,24564,초보자가 SNS로 돈벌기 가장 쉬운 타이밍,2024-05-07,주는사란,매체에 대한 의견,SNS·시기·노출,당시 플랫폼 환경에서 본 진입 기회. 현재 알고리즘이나 누구나 얻을 성과로 확정하지 않는다.,https://cafe.naver.com/ranschool/24564,카페원문/24564.md,스토리카드/24564.md,17,2,0,카페 HTML·텍스트 보관
EPR-CAFE-24509,24509,부업 시작,2024-05-05,주는사란,실행 계획,일정·프로젝트·목표,부업 프로젝트의 기간과 계획. 실행 완료와 결과를 별도로 확인한다.,https://cafe.naver.com/ranschool/24509,카페원문/24509.md,스토리카드/24509.md,5,3,0,카페 HTML·텍스트 보관
EPR-CAFE-24406,24406,검이불루 화이불치,2024-05-01,주는사란,개인 성찰,관계·비판·가치관,지지와 비판을 받아들이는 태도. 고객관계 논의에 사용할 때 실제 사건과 해석을 구분한다.,https://cafe.naver.com/ranschool/24406,카페원문/24406.md,스토리카드/24406.md,12,1,0,카페 HTML·텍스트 보관
EPR-CAFE-24348,24348,아무 것도 하기 싫은날,2024-04-29,주는사란,일상 경험·의견,루틴·실행·지속,하기 싫은 날의 최소 행동을 고민한 기록. 일관된 업무 수행을 설명하는 개인 배경으로 사용한다.,https://cafe.naver.com/ranschool/24348,카페원문/24348.md,스토리카드/24348.md,7,1,0,카페 HTML·텍스트 보관
EPR-CAFE-24284,24284,하루 평가표,2024-04-27,주는사란,운영 기록,회고·참여·실행,하루 평가와 블로그데이 참여 기록. 신청자 수와 실제 참석자 수를 구분한다.,https://cafe.naver.com/ranschool/24284,카페원문/24284.md,스토리카드/24284.md,18,9,0,카페 HTML·텍스트 보관
EPR-CAFE-24194,24194,아파요,2024-04-25,주는사란,일상 경험,진단·원인·기대,통증에 대한 본인 경험을 통한 생각. 진단의 비유로만 다루고 치료법의 근거로 사용하지 않는다.,https://cafe.naver.com/ranschool/24194,카페원문/24194.md,스토리카드/24194.md,4,1,0,카페 HTML·텍스트 보관
EPR-CAFE-24172,24172,1등,2024-04-24,주는사란,제작 근황,콘텐츠·피드백,유튜브 대본과 반응에 대한 기록. 화면 지표를 매출이나 고객사 효과로 바꾸지 않는다.,https://cafe.naver.com/ranschool/24172,카페원문/24172.md,스토리카드/24172.md,9,2,1,카페 HTML 보관; 외부 삽입물은 메타데이터 기준
EPR-CAFE-24167,24167,날씨가 참,2024-04-24,주는사란,일상 성찰,감정·관점,날씨를 보며 떠올린 개인 생각. 직접적인 대행 실적 근거보다 개인 목소리를 이해하는 자료다.,https://cafe.naver.com/ranschool/24167,카페원문/24167.md,스토리카드/24167.md,3,1,0,카페 HTML·텍스트 보관
EPR-CAFE-24160,24160,이번주 금요일에 하는 블로그데이에서는요.,2024-04-24,주는사란,교육 운영,작업분해·글쓰기·교육,글쓰기를 단계로 나누어 가르치려는 구성. 대행 작업을 설명 가능하게 만드는 관점으로 참고한다.,https://cafe.naver.com/ranschool/24160,카페원문/24160.md,스토리카드/24160.md,15,8,0,카페 HTML·텍스트 보관
EPR-CAFE-23990,23990,쫄지마세요. 제발,2024-04-19,주는사란,직접 경험·의견,사업경험·성장·비교,오랜 사업 경험을 바탕으로 초반 수준과 발전 속도를 구분하는 관점. 경력 자체를 모든 업종의 성공 보증으로 쓰지 않는다.,https://cafe.naver.com/ranschool/23990,카페원문/23990.md,스토리카드/23990.md,23,10,0,카페 HTML·텍스트 보관
EPR-CAFE-23887,23887,마케팅 실력이 늘려면?,2024-04-17,주는사란,방법론,마케팅학습·수정·피드백,남과의 비교보다 자기 작업을 개선하는 관점. 대본·기획의 반복 개선을 설명하는 자료다.,https://cafe.naver.com/ranschool/23887,카페원문/23887.md,스토리카드/23887.md,39,3,1,카페 HTML 보관; 외부 삽입물은 메타데이터 기준
EPR-CAFE-23779,23779,내가 만약 직장인이라면,2024-04-14,주는사란,채용 경험·가정,채용·가치제안·관계,채용을 경험한 입장에서 직장인에게 제안하는 관점. 가정 속 행동을 실제 이력으로 쓰지 않는다.,https://cafe.naver.com/ranschool/23779,카페원문/23779.md,스토리카드/23779.md,50,3,0,카페 HTML·텍스트 보관
EPR-CAFE-23628,23628,연예인이 갑자기 나락가는 '마케팅적' 이유,2024-04-10,주는사란,현상 해석,타깃·노출·평판,콘텐츠가 맞지 않는 사람에게 닿을 때 생기는 반응에 대한 해석. 특정 유명인의 실제 원인을 입증하는 자료는 아니다.,https://cafe.naver.com/ranschool/23628,카페원문/23628.md,스토리카드/23628.md,18,2,0,카페 HTML·텍스트 보관
EPR-CAFE-23598,23598,"문의 받기 위해, 블로그 글 퀄리티보다 더 중요한 것",2024-04-09,주는사란,경험·방법론,노출·클릭·전환,글의 완성도와 별도로 고객이 발견하고 선택하고 행동하는 흐름을 본다. 단계별 병목을 설명할 때 활용한다.,https://cafe.naver.com/ranschool/23598,카페원문/23598.md,스토리카드/23598.md,51,8,0,카페 HTML·텍스트 보관
EPR-CAFE-23576,23576,초등학생에게 블로그 글쓰기를 가르쳐야한다면?,2024-04-09,주는사란,교육 가정,글쓰기·단순화·교육,초등학생에게 가르친다는 가정으로 작업을 단순화한 설명. 실제 수업 운영 사건으로 바꾸지 않는다.,https://cafe.naver.com/ranschool/23576,카페원문/23576.md,스토리카드/23576.md,6,4,0,카페 HTML·텍스트 보관
EPR-CAFE-23548,23548,주는사란에게 무료로 컨설팅 받는 법,2024-04-08,주는사란,질문 안내,진단·질문·정보,질문의 구체성이 답변의 구체성에 영향을 준다는 관점. 고객 상담 전 필요한 정보를 받는 이유로 활용한다.,https://cafe.naver.com/ranschool/23548,카페원문/23548.md,스토리카드/23548.md,5,0,0,카페 HTML·텍스트 보관
EPR-CAFE-23463,23463,나는 유튜버지만 유튜브를 보지 않는다.,2024-04-06,주는사란,직접 경험·의견,정보소비·기록·콘텐츠,유튜브를 만드는 사람으로서 정보를 소비하는 태도. 관찰을 기획에 쓰는 본인 습관의 자료다.,https://cafe.naver.com/ranschool/23463,카페원문/23463.md,스토리카드/23463.md,16,0,0,카페 HTML·텍스트 보관
EPR-CAFE-23424,23424,"설득하는 글쓰기, 후킹하려다가 훅 가는 경우",2024-04-05,주는사란,직접 경험·분석,후킹·설득·표현,본인의 과한 후킹을 돌아본 이야기와 표현 사례. 주목시키는 것과 납득시키는 것을 구분할 때 활용한다.,https://cafe.naver.com/ranschool/23424,카페원문/23424.md,스토리카드/23424.md,18,3,0,카페 HTML·텍스트 보관
EPR-CAFE-23406,23406,내가 존경하는 멍청이 (2탄),2024-04-04,주는사란,타인·본인 경험,실행·광고·학습,동생의 일과 본인의 유료 광고 경험이 함께 있는 글. 각 화자와 투입 금액을 분리해 사용한다.,https://cafe.naver.com/ranschool/23406,카페원문/23406.md,스토리카드/23406.md,38,8,1,카페 HTML 보관; 외부 삽입물은 메타데이터 기준
EPR-CAFE-23356,23356,내가 존경하는 멍청이 (1탄),2024-04-03,주는사란,타인 사례,학습·집중·실행,동생의 공부 과정에 관한 사례. 이세란 자신의 공부 이력으로 바꾸지 않는다.,https://cafe.naver.com/ranschool/23356,카페원문/23356.md,스토리카드/23356.md,15,3,0,카페 HTML·텍스트 보관
EPR-CAFE-23336,23336,블로그 강의 개편 안내,2024-04-03,주는사란,강의 공지,교육설계·운영,강의 개편 과정의 기록. 변경 계획과 시행 결과는 구분한다.,https://cafe.naver.com/ranschool/23336,카페원문/23336.md,스토리카드/23336.md,4,2,0,카페 HTML·텍스트 보관
EPR-CAFE-23134,23134,'주는사란의 돈 버는 생각' 정주행 시리즈 (ver 24.03),2024-03-30,주는사란,자료 모음,색인·생각변화,기존 글을 묶은 목차 자료. 링크된 사건을 이 글의 새로운 사건으로 중복 집계하지 않는다.,https://cafe.naver.com/ranschool/23134,카페원문/23134.md,스토리카드/23134.md,46,1,0,카페 HTML·텍스트 보관
EPR-CAFE-23049,23049,"블로그 마케팅 부업, 내 수입을 예측할 수 있는 방법",2024-03-28,주는사란,방법론·도구,측정·예측·데이터,자기 실행 데이터를 쌓아 수입을 가늠하려는 방법. 고정 수입 약속이 아니라 측정과 가정의 자료다.,https://cafe.naver.com/ranschool/23049,카페원문/23049.md,스토리카드/23049.md,29,5,0,카페 HTML·텍스트 보관
EPR-CAFE-23019,23019,제겐 꿈이 있습니다.,2024-03-27,주는사란,꿈·계획,팀·비전,함께 일하는 사람에 대한 바람과 미래 계획. 이미 달성한 조직 성과로 표현하지 않는다.,https://cafe.naver.com/ranschool/23019,카페원문/23019.md,스토리카드/23019.md,10,0,0,카페 HTML·텍스트 보관
EPR-CAFE-22953,22953,블로그데이 5자리 남았습니다!,2024-03-26,주는사란,행사 공지,교육운영·모집,블로그데이 모집 기록. 독립된 고객사 스토리가 없어도 원문 단위로 보존한다.,https://cafe.naver.com/ranschool/22953,카페원문/22953.md,스토리카드/22953.md,6,0,0,카페 HTML·텍스트 보관
EPR-CAFE-22770,22770,최근에 가장 행복했던 일 3가지,2024-03-23,주는사란,직접 경험,팀·관계·교육,최근 행복했던 세 가지 일의 기록. 타인의 행동과 본인의 감상을 구분해 팀 운영 배경으로 사용한다.,https://cafe.naver.com/ranschool/22770,카페원문/22770.md,스토리카드/22770.md,21,0,0,카페 HTML·텍스트 보관
EPR-CAFE-22555,22555,저 지금 기분 너무 좋아요.,2024-03-19,주는사란,수강생 사례·본인 반응,계약·실행·피드백,처음 계약이 취소된 수강생의 이후 소식. 다른 사람의 수주를 본인 실적으로 옮기지 않는다.,https://cafe.naver.com/ranschool/22555,카페원문/22555.md,스토리카드/22555.md,18,14,0,카페 HTML·텍스트 보관
EPR-CAFE-22506,22506,헤어지는 법,2024-03-18,주는사란,직접 경험,팀·이별·역할,함께 일한 팀원과 헤어지는 기록. 대행 고객 이탈 사건으로 바꾸지 않는다.,https://cafe.naver.com/ranschool/22506,카페원문/22506.md,스토리카드/22506.md,16,0,0,카페 HTML·텍스트 보관
EPR-CAFE-22339,22339,곧 '블로그데이' 가 찾아옵니다.,2024-03-15,주는사란,교육 운영,글쓰기·작업시간·실행,블로그를 쓰는 장애물을 줄이려는 행사 구성. 품질과 작업 시간 사이에서 실행을 돕는 관점이다.,https://cafe.naver.com/ranschool/22339,카페원문/22339.md,스토리카드/22339.md,92,6,0,카페 HTML·텍스트 보관
EPR-CAFE-22182,22182,블로그가 쓰기 싫어졌다는건,2024-03-12,주는사란,직접 경험·성찰,콘텐츠·정체성·완성도,자신과 맞지 않는 과거 영상과 제작 부담을 돌아본 기록. 자기 목소리를 유지하는 기획에 참고한다.,https://cafe.naver.com/ranschool/22182,카페원문/22182.md,스토리카드/22182.md,18,1,0,카페 HTML·텍스트 보관
EPR-CAFE-22100,22100,영업을 많이 해도 계약이 안될 때,2024-03-11,주는사란,방법론,영업·전환·피드백,영업량을 늘리기 전에 계약이 안 되는 이유를 확인하는 관점. 설문과 피드백을 통한 진단 자료로 활용한다.,https://cafe.naver.com/ranschool/22100,카페원문/22100.md,스토리카드/22100.md,41,2,0,카페 HTML·텍스트 보관
EPR-CAFE-21947,21947,"블로그 연습, 돈 받으면서 하는 방법",2024-03-08,주는사란,방법 제안,훈련·글쓰기·수익화,돈을 받으며 글쓰기를 연습하는 방법 제안. 제안된 활동을 본인의 실제 수주 경험으로 사용하지 않는다.,https://cafe.naver.com/ranschool/21947,카페원문/21947.md,스토리카드/21947.md,47,13,0,카페 HTML·텍스트 보관
EPR-CAFE-21522,21522,내가 만약 파티룸을 한다면,2024-02-29,주는사란,가정 사업 설계,파티룸·고객·마케팅,파티룸을 한다면 어떻게 할지 생각한 가정. 실제 파티룸 운영 이력으로 바꾸지 않는다.,https://cafe.naver.com/ranschool/21522,카페원문/21522.md,스토리카드/21522.md,27,17,0,카페 HTML·텍스트 보관
EPR-CAFE-21444,21444,5주간의 블로그 오프라인 강의 후기,2024-02-28,주는사란,교육 경험,루틴·교육·실행,5주 오프라인 강의 뒤 본 실행 지원의 필요. 일·주·월 단위 운영을 설명하는 참고 자료다.,https://cafe.naver.com/ranschool/21444,카페원문/21444.md,스토리카드/21444.md,45,13,0,카페 HTML·텍스트 보관
EPR-CAFE-21041,21041,생일선물 주세요.,2024-02-20,주는사란,개인 일상,관계·관찰,생일과 일상 관찰 기록. 제목이나 짧은 장면에서 임의로 고객 성과를 도출하지 않는다.,https://cafe.naver.com/ranschool/21041,카페원문/21041.md,스토리카드/21041.md,9,3,0,카페 HTML·텍스트 보관
EPR-CAFE-20821,20821,마케팅 퀴즈 1탄,2024-02-16,주는사란,관찰·추론,고객동선·업종·관찰,컴퓨터 수리와 청소업 등의 관찰에서 마케팅을 추론한 퀴즈. 추측을 당사자에게 확인된 경영 전략으로 바꾸지 않는다.,https://cafe.naver.com/ranschool/20821,카페원문/20821.md,스토리카드/20821.md,24,2,0,카페 HTML·텍스트 보관
EPR-CAFE-20705,20705,글쓰기로 돈 벌 수 있는 아이템 (블로그 아님),2024-02-15,주는사란,사업 아이디어,글쓰기·고객문제·상품기획,프러포즈 글 등 글쓰기 수요에서 만든 아이디어. 실제 출시하거나 매출을 낸 사업으로 쓰지 않는다.,https://cafe.naver.com/ranschool/20705,카페원문/20705.md,스토리카드/20705.md,20,3,0,카페 HTML·텍스트 보관
EPR-CAFE-20479,20479,누워서 몸값 높이는 방법,2024-02-12,주는사란,의견·방법론,시간가치·외주·단가,시간과 몸값에 대한 생각. 고객에게 제공하는 가치와 작업 분담을 논의할 때 참고한다.,https://cafe.naver.com/ranschool/20479,카페원문/20479.md,스토리카드/20479.md,28,6,0,카페 HTML·텍스트 보관
EPR-CAFE-20383,20383,주는사란이 직접 보여주는 마케팅,2024-02-10,주는사란,직접 경험·방법론,유튜브·카페·목표,채널에서 카페로 이어지는 목적과 지표에 관한 설명. 구독자나 조회수와 사업 목적을 구분할 때 활용한다.,https://cafe.naver.com/ranschool/20383,카페원문/20383.md,스토리카드/20383.md,34,9,0,카페 HTML·텍스트 보관
EPR-CAFE-20234,20234,마케팅 부업으로 10만원 벌고 있는 사람의 실체,2024-02-08,주는사란,가정·수강생 사례,영업·실행·초기성과,A/B 가정과 실제 수강생의 초기 영업 경험을 구분한다. 작은 수입을 능력과 실행의 데이터로 해석하는 자료다.,https://cafe.naver.com/ranschool/20234,카페원문/20234.md,스토리카드/20234.md,33,5,0,카페 HTML·텍스트 보관
EPR-CAFE-20038,20038,마케팅 부업으로 월 500 넘으려면 해야하는 아침루틴,2024-02-06,주는사란,루틴 제안,뉴스·콘텐츠·관찰,뉴스 제목 등을 콘텐츠 관찰에 활용하는 방법. 제목의 월 수입을 루틴의 보장 결과로 쓰지 않는다.,https://cafe.naver.com/ranschool/20038,카페원문/20038.md,스토리카드/20038.md,33,8,0,카페 HTML·텍스트 보관
EPR-CAFE-19672,19672,.,2024-02-01,주는사란,개인 성찰,노력·전달·감정,노력과 마음이 상대에게 닿지 않을 때의 속상함을 어릴 적 어머니와의 대화로 돌아본 글. 사업 실패나 특정 고객과의 분쟁으로 추정하지 않는다.,https://cafe.naver.com/ranschool/19672,카페원문/19672.md,스토리카드/19672.md,18,0,0,카페 HTML·텍스트 보관
EPR-CAFE-19541,19541,"강사 10년차가 말하는, 결국 수익 내는 사람들의 특징",2024-01-31,주는사란,교육 경험·의견,실행·피드백·교육,강의를 들은 뒤 실제 연습하는 태도에 대한 관찰. 수강생 전체의 인과관계를 입증하는 통계로 쓰지 않는다.,https://cafe.naver.com/ranschool/19541,카페원문/19541.md,스토리카드/19541.md,53,6,0,카페 HTML·텍스트 보관
EPR-CAFE-18961,18961,전 재산을 투자해서라도 사고 싶은 것,2024-01-23,주는사란,일상 관찰·의견,습관·소비·선택,호두과자 구매 등의 일상에서 떠올린 생각. 실제 투자 이력이나 확정된 사업 기회로 바꾸지 않는다.,https://cafe.naver.com/ranschool/18961,카페원문/18961.md,스토리카드/18961.md,18,4,0,카페 HTML·텍스트 보관
EPR-CAFE-18743,18743,목표를 이루기 전에 알았으면 좋았을 것들,2024-01-20,주는사란,직접 경험,음식점·매출·시간,음식점 매출 목표를 이루어도 여행과 시간의 자유가 따르지 않았던 경험. 매출·이익·대표의 시간은 분리해서 본다.,https://cafe.naver.com/ranschool/18743,카페원문/18743.md,스토리카드/18743.md,11,0,0,카페 HTML·텍스트 보관
EPR-CAFE-18672,18672,내가 만약 PT 트레이너를 한다면,2024-01-19,주는사란,가정 사업 설계,PT·고객·서비스,PT 트레이너라면 어떻게 할지 설계한 글. 실제 PT 사업을 운영했다는 이야기로 바꾸지 않는다.,https://cafe.naver.com/ranschool/18672,카페원문/18672.md,스토리카드/18672.md,36,11,0,카페 HTML·텍스트 보관
EPR-CAFE-18037,18037,하루에 부자는 XX명씩 늘고 있다.,2024-01-12,주는사란,외부 자료 해석,부·통계·목표,당시 외부 보고서를 읽은 생각. 개인 경험이 아니며 숫자는 발표 시점과 출처를 재확인해야 한다.,https://cafe.naver.com/ranschool/18037,카페원문/18037.md,스토리카드/18037.md,30,5,0,카페 HTML·텍스트 보관
EPR-CAFE-17927,17927,부업을 실패하는 사람들이 하는 부업,2024-01-11,주는사란,의견,사업선택·실행,부업을 선택하고 실행하는 방식에 대한 자료. 현재 B2B 강의에서는 고객 문제와 실행 과제를 고르는 관점만 검토한다.,https://cafe.naver.com/ranschool/17927,카페원문/17927.md,스토리카드/17927.md,19,4,0,카페 HTML·텍스트 보관
EPR-CAFE-17677,17677,해야하는 일을 몰라서 돈 못 버는 건데요?,2024-01-09,주는사란,방법론,목표·과제·실행,막연한 목표를 구체적 할 일로 바꾸는 관점. 고객사 계획을 실제 작업으로 정의할 때 참고한다.,https://cafe.naver.com/ranschool/17677,카페원문/17677.md,스토리카드/17677.md,37,3,1,카페 HTML 보관; 외부 삽입물은 메타데이터 기준
EPR-CAFE-17492,17492,"의지력 있어도, 새해목표 실패하는 이유",2024-01-07,주는사란,직접 경험·성찰,믿음·목표·실행,다른 유튜버를 본 감정과 행동의 관계. 의지만 강조하지 않고 실행을 방해하는 생각을 돌아본 기록이다.,https://cafe.naver.com/ranschool/17492,카페원문/17492.md,스토리카드/17492.md,53,4,0,카페 HTML·텍스트 보관
EPR-CAFE-17205,17205,중수에서 고수가 되는 가장 빠른 방법,2024-01-04,주는사란,학원 경험·방법론,가르침·학습·조직,학생이 다른 학생에게 설명하는 구조에서 본 학습. 대행사의 지식 공유와 작업 설명에 적용 가능한 해석이다.,https://cafe.naver.com/ranschool/17205,카페원문/17205.md,스토리카드/17205.md,35,2,0,카페 HTML·텍스트 보관
EPR-CAFE-16109,16109,성인이 되면 친구 만들기 힘든 이유,2023-12-18,주는사란,개인 경험·커뮤니티,관계·모임,성인이 된 후 관계를 만들기 위한 모임의 의미. 고객 획득 성과보다 관계 형성 배경으로 활용한다.,https://cafe.naver.com/ranschool/16109,카페원문/16109.md,스토리카드/16109.md,24,8,0,카페 HTML·텍스트 보관
EPR-CAFE-15434,15434,그게 뭐 대단한 일이라고,2023-12-05,주는사란,외부 일화·의견,실행·평가,콜럼버스의 달걀 같은 비유를 통한 실행의 가치. 본인의 실제 사건이나 검증된 역사 근거로 단정하지 않는다.,https://cafe.naver.com/ranschool/15434,카페원문/15434.md,스토리카드/15434.md,11,3,0,카페 HTML·텍스트 보관
EPR-CAFE-14788,14788,하다가 포기하지 않으려면,2023-11-22,주는사란,의견·외부 개념,성장·지속·단계,중간에 포기하지 않도록 성장 단계를 보는 생각. 인용 연구나 용어는 사실 근거로 쓰기 전 출처를 확인한다.,https://cafe.naver.com/ranschool/14788,카페원문/14788.md,스토리카드/14788.md,8,2,0,카페 HTML·텍스트 보관
EPR-CAFE-14748,14748,많이 하기 vs 오래 하기,2023-11-21,주는사란,개인·외부 사례,반복·학습·기간,많이 하는 것과 오래 하는 것의 비교. 건강 관련 수치와 외부 수업 사례는 사업 성과의 증거로 바꾸지 않는다.,https://cafe.naver.com/ranschool/14748,카페원문/14748.md,스토리카드/14748.md,18,0,0,카페 HTML·텍스트 보관
EPR-CAFE-12849,12849,3시간 만에 마케팅 대행 계약 따내는 법,2023-10-20,주는사란,영업 방법론,상담·계약·제안,짧은 시간에 대행 제안을 구성하는 방식. 제목의 시간을 모든 계약에 대한 보장으로 사용하지 않는다.,https://cafe.naver.com/ranschool/12849,카페원문/12849.md,스토리카드/12849.md,55,10,0,카페 HTML·텍스트 보관
EPR-CAFE-12285,12285,부업 성공 확률 높이는 법,2023-10-09,주는사란,비유·방법론,실험·오답·학습,시도에서 틀린 부분을 기록하고 개선하는 관점. 성공 확률은 실측 통계가 아닌 비유·설명과 구분한다.,https://cafe.naver.com/ranschool/12285,카페원문/12285.md,스토리카드/12285.md,18,3,0,카페 HTML·텍스트 보관
EPR-CAFE-12228,12228,주는사란 유튜브 10만 기념 선언하기,2023-10-08,주는사란,직접 경험·향후 계획,채널성장·팀·비전,유튜브 10만 기념과 함께 일한 사람들에 대한 기록. 고객 수와 채용 등 향후 목표를 달성 실적으로 쓰지 않는다.,https://cafe.naver.com/ranschool/12228,카페원문/12228.md,스토리카드/12228.md,35,2,0,카페 HTML·텍스트 보관
EPR-CAFE-12148,12148,"""해야지"" 병에 걸린 분들에게",2023-10-06,주는사란,직접 경험·방법론,실행지연·과제분해,강의 개편을 미루는 문제를 학원에서 쓰던 학습 방법과 연결한 글. 생각을 실제 과제로 바꾸는 사례다.,https://cafe.naver.com/ranschool/12148,카페원문/12148.md,스토리카드/12148.md,18,8,0,카페 HTML·텍스트 보관
EPR-CAFE-9911,9911,"부업스파르타반, 중도 포기자 발생? 6일만에 첫 문의 받은 사례?",2023-08-24,주는사란,교육 운영·수강생 사례,실행지원·문의·지속,프로그램 중도 포기와 빠른 문의 사례를 함께 보존한다. 성공 사례만 떼어 누구에게나 같은 결과가 난다고 쓰지 않는다.,https://cafe.naver.com/ranschool/9911,카페원문/9911.md,스토리카드/9911.md,38,21,1,카페 HTML 보관; 외부 삽입물은 메타데이터 기준
EPR-CAFE-8351,8351,고마움을 표현하는 방법에 대하여 (쑥쓰러워 하는 사람),2023-08-08,주는사란,직접 경험,감사·관계·교육,구독자와 수강생을 만난 뒤 감사를 표현한 기록. 거래 이전의 관계와 소통을 설명할 때 참고한다.,https://cafe.naver.com/ranschool/8351,카페원문/8351.md,스토리카드/8351.md,41,3,0,카페 HTML·텍스트 보관
EPR-CAFE-7484,7484,"(0편) 주는사란이 했던 일, 하는 일, 파는 것 총정리",2023-07-23,주는사란,경력 총정리,사업이력·대행·채널,학원·음식점·대행 등 여러 일을 정리한 자전적 원천. 개별 사업의 기간·중단 여부·매출을 분리해 읽는다.,https://cafe.naver.com/ranschool/7484,카페원문/7484.md,스토리카드/7484.md,77,17,0,카페 HTML·텍스트 보관
EPR-CAFE-7089,7089,"0원에서 300만원 30일 챌린지, 20일차 성과 공유",2023-07-06,주는사란,진행 중 도전,사업선택·실행·문의,30일 도전의 20일차 기록. 최종 결과가 아닌 중간 단계임을 유지한다.,https://cafe.naver.com/ranschool/7089,카페원문/7089.md,스토리카드/7089.md,32,2,1,카페 HTML 보관; 외부 삽입물은 메타데이터 기준
EPR-CAFE-6928,6928,요즘 저 이렇게 살아요,2023-06-29,주는사란,운영 근황,대행계약·콘텐츠·업무량,유튜버 마케팅 계약 등 늘어난 업무의 근황. 구체적 성과는 원문에 있는 범위만 사용한다.,https://cafe.naver.com/ranschool/6928,카페원문/6928.md,스토리카드/6928.md,9,0,1,카페 HTML 보관; 외부 삽입물은 메타데이터 기준
EPR-CAFE-6750,6750,망한 유튜브 살리는 2가지 방법 (쇼츠 시작 1주일 성과 공유),2023-06-22,주는사란,채널 운영·방법론,쇼츠·롱폼·퍼널,짧은 영상과 긴 영상의 역할 및 사업 목적을 검토하는 자료. 당시 1주 성과를 보편적 알고리즘 공식으로 쓰지 않는다.,https://cafe.naver.com/ranschool/6750,카페원문/6750.md,스토리카드/6750.md,30,5,1,카페 HTML 보관; 외부 삽입물은 메타데이터 기준
EPR-CAFE-6360,6360,내가 부자가 될 확률 계산해보는 법,2023-06-12,주는사란,외부 사례·해석,사업구조·공급·기회,다른 기업의 공급 구조와 기회에 대한 이야기. 타인의 사업 구조를 본인의 소유나 매출로 바꾸지 않는다.,https://cafe.naver.com/ranschool/6360,카페원문/6360.md,스토리카드/6360.md,47,0,0,카페 HTML·텍스트 보관
EPR-CAFE-6138,6138,답답해서 잠이 안옴,2023-06-08,주는사란,진행 중 고민,채널기획·아이디어,새 채널을 준비하며 생긴 생각과 답답함. 아직 실행하지 않은 아이디어를 결과로 쓰지 않는다.,https://cafe.naver.com/ranschool/6138,카페원문/6138.md,스토리카드/6138.md,4,0,0,카페 HTML·텍스트 보관
EPR-CAFE-6013,6013,"792만원 나눔 이벤트 후기, 그리고 이건 마지막 선물",2023-06-04,주는사란,행사 후기,나눔·교육·관계,이벤트와 관계 형성의 후기. 행사 가치·표시 금액과 실제 이익을 구분한다.,https://cafe.naver.com/ranschool/6013,카페원문/6013.md,스토리카드/6013.md,33,2,0,카페 HTML·텍스트 보관
EPR-CAFE-5854,5854,여행하면서 일하는 사람의 현실 ㄷㄷ,2023-05-28,주는사란,직접 경험,여행·업무·자유,여행하면서 일할 때 실제로 시간이 잘게 나뉘는 경험. 사업의 시간 구조와 기대를 논의할 때 활용한다.,https://cafe.naver.com/ranschool/5854,카페원문/5854.md,스토리카드/5854.md,9,0,0,카페 HTML·텍스트 보관
EPR-CAFE-5770,5770,아니.. 다들 안 주무시고 뭐하세요??,2023-05-25,주는사란,개인 근황,여행·상담·일,여행 중 상담을 준비한 근황. 업무와 일상의 실제 장면으로 사용하고 결과는 덧붙이지 않는다.,https://cafe.naver.com/ranschool/5770,카페원문/5770.md,스토리카드/5770.md,3,2,0,카페 HTML·텍스트 보관
EPR-CAFE-5619,5619,(5편) ‘이것’으로 살도 빼고 부자도 되는 법 (feat. 운동 안해도 됨),2023-05-20,주는사란,의견·외부 주장,생각·글쓰기·설득,생각과 글쓰기의 역할을 논의하는 자료. 체중·연구 관련 주장은 건강 조언이나 검증된 인과로 사용하지 않는다.,https://cafe.naver.com/ranschool/5619,카페원문/5619.md,스토리카드/5619.md,24,1,0,카페 HTML·텍스트 보관
EPR-CAFE-5511,5511,그동안 감사했습니다.,2023-05-12,주는사란,교육 운영 성찰,교육·실행지원·고객가치,가르치는 내용만으로 행동이 따라오지 않는다는 고민. 서비스 제공 이후 실제 사용과 실행을 돕는 관점이다.,https://cafe.naver.com/ranschool/5511,카페원문/5511.md,스토리카드/5511.md,38,0,0,카페 HTML·텍스트 보관
EPR-CAFE-5417,5417,애매하게 성공하는 사람들의 특징,2023-05-08,주는사란,직접 경험·의견,성공경험·매체선택·진단,이미 성공한 블로그·유튜브 방식에 사고가 묶이는 문제. 고객 상황에 맞는 방법을 새로 보는 자료다.,https://cafe.naver.com/ranschool/5417,카페원문/5417.md,스토리카드/5417.md,15,0,0,카페 HTML·텍스트 보관
EPR-CAFE-5367,5367,4일간 책 안 읽은 사람의 최후,2023-05-05,주는사란,직접 경험·성찰,글쓰기·입력·제작,강의를 많이 촬영한 뒤 글이 안 써졌던 장면. 개인 경험이며 독서와 성과의 과학적 인과로 일반화하지 않는다.,https://cafe.naver.com/ranschool/5367,카페원문/5367.md,스토리카드/5367.md,3,0,0,카페 HTML·텍스트 보관
EPR-CAFE-5314,5314,말빨로 4만 된 유튜버가 알려주는 '말하기 기술',2023-05-02,주는사란,직접 경험·방법론,말하기·기획·학습,유튜브 운영 중 말하기를 준비하는 관점. 당시 구독자 수와 본인이 느낀 방법을 분리한다.,https://cafe.naver.com/ranschool/5314,카페원문/5314.md,스토리카드/5314.md,27,1,0,카페 HTML·텍스트 보관
EPR-CAFE-5196,5196,To. 꾸준함이 없는 당신에게,2023-04-28,주는사란,의견,지속·실력·자기평가,꾸준함과 실력 차이를 돌아보는 글. 타인의 실패 원인을 단정하는 진단으로 사용하지 않는다.,https://cafe.naver.com/ranschool/5196,카페원문/5196.md,스토리카드/5196.md,14,0,0,카페 HTML·텍스트 보관
EPR-CAFE-5144,5144,저는 무슨 일을 해야 돈을 가장 많이 벌까요?,2023-04-27,주는사란,직접 경험·성찰,사업이력·적합성·선택,여러 일을 해도 자신에게 맞는 일을 찾는 고민. 수익이 큰 업종을 단번에 고르는 공식으로 쓰지 않는다.,https://cafe.naver.com/ranschool/5144,카페원문/5144.md,스토리카드/5144.md,17,3,0,카페 HTML·텍스트 보관
EPR-CAFE-5050,5050,"온라인 판매, 연매출 6000억 대표님이 말하는 레벨 1~ 레벨3",2023-04-25,주는사란,타인 강의·해석,성장단계·온라인판매,매출 6000억 대표의 강의에서 들은 구분. 그 매출을 이세란의 회사나 본인 대행 성과로 사용하지 않는다.,https://cafe.naver.com/ranschool/5050,카페원문/5050.md,스토리카드/5050.md,58,7,0,카페 HTML·텍스트 보관
EPR-CAFE-4860,4860,10년차 사업가가 학교 앞에서 달고나를 판다면?,2023-04-20,주는사란,가정 사업 설계,달고나·수요·마케팅,학교 앞 달고나 판매를 가정한 사고 실험. 실제 운영한 점포로 만들거나 예시 속 위장 수요를 권장하지 않는다.,https://cafe.naver.com/ranschool/4860,카페원문/4860.md,스토리카드/4860.md,37,5,0,카페 HTML·텍스트 보관
EPR-CAFE-4800,4800,"수포자에서 수학학원원장까지, 마이너스  3000만원에서 서울 50평짜리 땅주인까지",2023-04-18,주는사란,자전적 경험,학원·실패·부채·자산,학원 운영과 부채 이후의 경로를 담은 핵심 개인 원천. 자산 규모·매출·이익을 구분하고 당시 숫자를 유지한다.,https://cafe.naver.com/ranschool/4800,카페원문/4800.md,스토리카드/4800.md,53,2,0,카페 HTML·텍스트 보관
EPR-CAFE-4768,4768,같은 수업을 들었는데 왜 성적이 다를까? 같은 방법을 알려줘도 왜 버는 돈이 다를까?,2023-04-17,주는사란,학원 경험·의견,실행·피드백·성과차이,같은 수업을 듣고도 결과가 달라진다는 질문에서 시작하는 글. 실행 조건의 차이를 설명하되 인과를 단정하지 않는다.,https://cafe.naver.com/ranschool/4768,카페원문/4768.md,스토리카드/4768.md,56,0,0,카페 HTML·텍스트 보관
EPR-CAFE-4447,4447,자영업 성공공식? 학원 3번 + 음식점 5개 + 부동산 5개 + 마케팅 대행사 + 4만 유튜버가 알려드림,2023-04-07,주는사란,사업 경험·가정 계산,손익·생존·최소매출,안 되는 시기를 버틸 최소 매출과 비용을 먼저 계산하는 관점. 휴대폰·무인카페 계산은 가정이며 제목·본문의 보장 표현을 현재 강의 약속으로 쓰지 않는다.,https://cafe.naver.com/ranschool/4447,카페원문/4447.md,스토리카드/4447.md,35,6,0,카페 HTML·텍스트 보관
EPR-CAFE-4386,4386,정신과 다녀온 후기,2023-04-05,주는사란,민감한 개인 경험,자기기대·감정·일,본인이 공개한 개인 진료 경험. 원문은 보존하되 진단을 덧붙이거나 대행 성과의 원인으로 단정하지 않는다.,https://cafe.naver.com/ranschool/4386,카페원문/4386.md,스토리카드/4386.md,20,0,0,카페 HTML·텍스트 보관
EPR-CAFE-4236,4236,고객이 전화를 받을 수 없어~,2023-03-30,주는사란,삽입 게시물·개인 경험,학원·블로그자산·실행,학원을 중단한 뒤에도 블로그로 수업 문의가 온 경험과 전화를 실행에 비유한 글. 카페 HTML에 보존된 인스타그램 메타데이터를 근거로 하며 현재 인스타 본문 재확인과 구분한다.,https://cafe.naver.com/ranschool/4236,카페원문/4236.md,스토리카드/4236.md,0,0,1,카페 HTML 보관; 외부 삽입물은 메타데이터 기준
EPR-CAFE-4215,4215,"""오빠는 도대체 왜 그래?""",2023-03-29,주는사란,개인 관계·방법론,생각차이·소통,연인과 생각이 어긋나는 유형에 대한 이야기. 고객과의 의견 차이를 설명하는 비유로 사용하며 고객사 사건으로 바꾸지 않는다.,https://cafe.naver.com/ranschool/4215,카페원문/4215.md,스토리카드/4215.md,6,0,1,카페 HTML 보관; 외부 삽입물은 메타데이터 기준
EPR-CAFE-2678,2678,김치전이 준 지혜,2023-02-13,주는사란,직접 경험,실험·학습·반복,김치전을 여러 번 만들며 비율을 조정한 경험. 정답 탐색만 하기보다 작은 실행에서 배우는 비유다.,https://cafe.naver.com/ranschool/2678,카페원문/2678.md,스토리카드/2678.md,11,2,0,카페 HTML·텍스트 보관
EPR-CAFE-2237,2237,진지하게 할까말까 고민중인 아이템 1번,2023-01-29,주는사란,사업 검토 중,학원·인력·사업선택,수학 학원 재시작을 고민한 글. 검토 중인 사업과 인력 구상을 실제 개업으로 쓰지 않는다.,https://cafe.naver.com/ranschool/2237,카페원문/2237.md,스토리카드/2237.md,20,5,0,카페 HTML·텍스트 보관
EPR-CAFE-2103,2103,기버들이 부자가 될수 밖에 없는 이유를 드디어 찾았다.,2023-01-25,주는사란,학원 경험·의견,지식공유·학습·제안,지식을 나누며 이해가 깊어지는 관점. 나눔이 반드시 부를 만든다는 보장 논리로 사용하지 않는다.,https://cafe.naver.com/ranschool/2103,카페원문/2103.md,스토리카드/2103.md,33,3,0,카페 HTML·텍스트 보관
EPR-CAFE-1982,1982,강박증,2023-01-20,주는사란,개인 경험·목표,팀·보상·동기,함께 일하는 사람의 월급을 높이려는 방향으로 목표를 바꾼 경험. 미래 보상 목표와 당시 순수익 변화를 구분한다.,https://cafe.naver.com/ranschool/1982,카페원문/1982.md,스토리카드/1982.md,18,1,0,카페 HTML·텍스트 보관
EPR-CAFE-1748,1748,은근히 인기 많은 사람들의 특징 3가지,2023-01-13,주는사란,외부 게시물 안내,관계·소통,인스타그램 게시물 안내가 중심인 글. 카페에 저장된 설명을 넘어 영상 내용과 세 가지 특징을 추정하지 않는다.,https://cafe.naver.com/ranschool/1748,카페원문/1748.md,스토리카드/1748.md,3,1,0,카페 HTML·텍스트 보관
EPR-CAFE-1740,1740,부자가 되고도 결국 인생 망하는 사람들의 특징,2023-01-13,주는사란,개인 성찰·미결정,성장·정체성·방향,어떤 유튜버와 어떤 부자가 될지를 고민한 기록. 아직 답을 정하지 않았다는 상태를 유지한다.,https://cafe.naver.com/ranschool/1740,카페원문/1740.md,스토리카드/1740.md,22,0,0,카페 HTML·텍스트 보관
EPR-CAFE-1652,1652,너무 하기 싫은일 어쩔수 없이 해서 돈 버는 법,2023-01-11,주는사란,직접 경험·방법론,작업분해·외주·시간,인터넷 강의 한 편을 만드는 준비·제작 시간을 나눈 경험. 대표가 해야 할 일과 맡길 일을 구분하는 설명에 활용한다.,https://cafe.naver.com/ranschool/1652,카페원문/1652.md,스토리카드/1652.md,20,4,0,카페 HTML·텍스트 보관
EPR-CAFE-1474,1474,하루에 0.1% 똑똑해지는 방법,2023-01-07,주는사란,운영 제안,기록·선언·실행,매일 다른 행동을 하도록 데일리 선언을 만든 기록. 개선율을 실제 측정한 지표로 쓰지 않는다.,https://cafe.naver.com/ranschool/1474,카페원문/1474.md,스토리카드/1474.md,5,1,0,카페 HTML·텍스트 보관
EPR-CAFE-1226,1226,"2023년 1월 22일, 부자될 사람과 아닌 사람 판별 가능한 날",2022-12-30,주는사란,경험·의견,제안·나눔·관계,먼저 나누는 태도와 제안의 순서에 대한 생각. 특정 날짜로 부자가 될 사람을 객관적으로 판별할 수 있다는 근거는 아니다.,https://cafe.naver.com/ranschool/1226,카페원문/1226.md,스토리카드/1226.md,22,7,0,카페 HTML·텍스트 보관
EPR-CAFE-1222,1222,2023년에 인생 초대박 나는 사람들의 특징,2022-12-30,주는사란,의견,실력·목표·실행,새해 기대보다 실력을 쌓자는 주장. 실제 미래 성과 예측으로 쓰지 않는다.,https://cafe.naver.com/ranschool/1222,카페원문/1222.md,스토리카드/1222.md,20,0,0,카페 HTML·텍스트 보관
EPR-CAFE-1039,1039,“진짜 내가 부자 될수 있을까?” 의심을 가지고 있는 분께,2022-12-24,주는사란,비유·성찰,반응·선택·목표,축구와 일상 상황을 통해 스스로 선택할 반응을 돌아본 글. 확률·기적 표현을 사업 통계로 사용하지 않는다.,https://cafe.naver.com/ranschool/1039,카페원문/1039.md,스토리카드/1039.md,36,4,0,카페 HTML·텍스트 보관
EPR-CAFE-389,389,뭐라도 할 줄 아는 사람과 아무것도 할 줄 모르는 사람이 같이 돈 2배씩 더 버는 법,2022-12-14,주는사란,방법론·사업 구상,기술·마케팅·협업,기술을 가진 사람과 마케팅 역할을 가진 사람의 협업 구상. 제목의 두 배 수입은 검증된 보장이 아니다.,https://cafe.naver.com/ranschool/389,카페원문/389.md,스토리카드/389.md,27,1,1,카페 HTML 보관; 외부 삽입물은 메타데이터 기준
EPR-CAFE-188,188,광고가 들어왔다. 너무 하고 싶다. 근데 할수가 없다. (주절거림 주의),2022-11-25,주는사란,직접 경험·결정 중,광고선택·기준·원가,광고 제안 네 건을 받고 자신의 기준과 제작비를 검토한 경험. 수락 여부와 계약 완료는 원문 시점대로 구분한다.,https://cafe.naver.com/ranschool/188,카페원문/188.md,스토리카드/188.md,17,3,0,카페 HTML·텍스트 보관
EPR-CAFE-146,146,하고 있는 일을 130% 더 잘하게 보이는 방법,2022-11-19,주는사란,직접 경험·계약 진행,기획안·신뢰·태도·제안,"상세 기획안을 낸 뒤 중단 연락을 받고 자체 제작을 진행한 일, 재연락과 편집자 응대 경험. 본문 시점 계약서는 아직 미작성이다.",https://cafe.naver.com/ranschool/146,카페원문/146.md,스토리카드/146.md,55,7,0,카페 HTML·텍스트 보관
EPR-CAFE-93,93,매일 제 영상에 '싫어요' 누르는 분께 드리는 말씀,2022-11-07,주는사란,직접 관찰·추정,피드백·감정·집중,영상의 싫어요 반응을 보고 든 생각. 같은 사람이 눌렀다는 부분은 추정이며 사실로 확정하지 않는다.,https://cafe.naver.com/ranschool/93,카페원문/93.md,스토리카드/93.md,33,7,0,카페 HTML·텍스트 보관
EPR-CAFE-83,83,나는 사실 또라이다 (재수없음 주의),2022-11-05,주는사란,개인 경험,휴식·생각·일,친구와 여행하며 드러난 생각과 휴식의 차이. 대표 개인의 일하는 방식과 가치관을 설명하는 장면이다.,https://cafe.naver.com/ranschool/83,카페원문/83.md,스토리카드/83.md,37,7,0,카페 HTML·텍스트 보관
EPR-CAFE-81,81,같은 일을 해도 버는 돈이 다른 이유,2022-11-04,주는사란,직접 관찰,서비스·고객이해·가치,괌 뷔페에서 직원의 제안과 응대 차이를 보고 팁을 준 경험. 같은 일을 해도 고객이 느끼는 가치가 달라지는 비유다.,https://cafe.naver.com/ranschool/81,카페원문/81.md,스토리카드/81.md,29,5,0,카페 HTML·텍스트 보관
EPR-CAFE-77,77,구독자 늘다보니 드는 생각,2022-11-03,주는사란,직접 경험·성찰,채널실패·자존심·돈,유튜브 실패와 성장 과정에서 든 생각. 감정·기부 원칙·목표를 기업의 검증된 수익 구조와 구분한다.,https://cafe.naver.com/ranschool/77,카페원문/77.md,스토리카드/77.md,36,0,0,카페 HTML·텍스트 보관
EPR-CAFE-25,25,(4편) 8잡러가 말하는 월급 이상의 파이프라인 하나 더 만드는 가장 쉬운 방법,2022-10-11,주는사란,방법론,시간·수입구조·사업,파이프라인에 대한 당시 설명. 부업 권유 대신 대표의 시간과 사업의 수입 구조를 비교하는 참고로 검토한다.,https://cafe.naver.com/ranschool/25,카페원문/25.md,스토리카드/25.md,82,0,0,카페 HTML·텍스트 보관
EPR-CAFE-9,9,(3편) 월급쟁이가 3년안에 퇴사 할 수 있는 유일한 방법,2022-10-02,주는사란,방법론,시간·수입·독립,시간을 써서 버는 돈과 다른 수입 구조를 설명한 글. 퇴사 기간을 보장하거나 사업 성과로 바꾸지 않는다.,https://cafe.naver.com/ranschool/9,카페원문/9.md,스토리카드/9.md,72,3,0,카페 HTML·텍스트 보관
EPR-CAFE-8,8,"(2편) 보통 사람들이 경제적자유를 이루기 위한, 가장 보통의 방법",2022-10-02,주는사란,방법론·목표설정,목표·자산·사업구조,경제적 자유의 목표를 정하는 당시 설명. 부동산·수익 관련 조언은 현재 실행안이 아니라 원문 관점으로 보존한다.,https://cafe.naver.com/ranschool/8,카페원문/8.md,스토리카드/8.md,56,1,0,카페 HTML·텍스트 보관
EPR-CAFE-3,3,(1편) 주는사란의 부퇴사 카페에서 0원으로 얻을 수 있는 2가지,2022-09-29,란박사,자기소개·커뮤니티 취지,사업이력·관계·비전,카페를 만든 이유와 당시 사업 이력의 원천. 이후 글의 이력·기간과 대조하고 미래 희망과 보유 사실을 구분한다.,https://cafe.naver.com/ranschool/3,카페원문/3.md,스토리카드/3.md,49,4,0,카페 HTML·텍스트 보관
