source,section,title,location,path
S01,0,퍼널이란 무엇인가,페이지-034,/Users/seranlee/B2B강의대본/자료통합/_원문/설계자/마케팅 설계자.md
S01,1,비밀 공식,페이지-053,/Users/seranlee/B2B강의대본/자료통합/_원문/설계자/마케팅 설계자.md
S01,2,"후크, 스토리, 제안",페이지-070,/Users/seranlee/B2B강의대본/자료통합/_원문/설계자/마케팅 설계자.md
S01,3,가치 사다리,페이지-095,/Users/seranlee/B2B강의대본/자료통합/_원문/설계자/마케팅 설계자.md
S01,4,매력적인 캐릭터,페이지-126,/Users/seranlee/B2B강의대본/자료통합/_원문/설계자/마케팅 설계자.md
S01,5,퍼널 해킹,페이지-149,/Users/seranlee/B2B강의대본/자료통합/_원문/설계자/마케팅 설계자.md
S01,6,퍼널의 일곱 단계,페이지-157,/Users/seranlee/B2B강의대본/자료통합/_원문/설계자/마케팅 설계자.md
S01,7,후속 퍼널,페이지-176,/Users/seranlee/B2B강의대본/자료통합/_원문/설계자/마케팅 설계자.md
S01,8,리드 ‘스퀴즈’ 퍼널,페이지-227,/Users/seranlee/B2B강의대본/자료통합/_원문/설계자/마케팅 설계자.md
S01,9,서베이 퍼널,페이지-237,/Users/seranlee/B2B강의대본/자료통합/_원문/설계자/마케팅 설계자.md
S01,10,서밋 퍼널,페이지-246,/Users/seranlee/B2B강의대본/자료통합/_원문/설계자/마케팅 설계자.md
S01,11,책 퍼널,페이지-274,/Users/seranlee/B2B강의대본/자료통합/_원문/설계자/마케팅 설계자.md
S01,12,장바구니 퍼널,페이지-290,/Users/seranlee/B2B강의대본/자료통합/_원문/설계자/마케팅 설계자.md
S01,13,도전 퍼널,페이지-305,/Users/seranlee/B2B강의대본/자료통합/_원문/설계자/마케팅 설계자.md
S01,14,영상 세일즈레터 퍼널,페이지-327,/Users/seranlee/B2B강의대본/자료통합/_원문/설계자/마케팅 설계자.md
S01,15,웨비나 퍼널,페이지-335,/Users/seranlee/B2B강의대본/자료통합/_원문/설계자/마케팅 설계자.md
S01,16,제품 출시 퍼널,페이지-351,/Users/seranlee/B2B강의대본/자료통합/_원문/설계자/마케팅 설계자.md
S01,17,신청서 퍼널,페이지-365,/Users/seranlee/B2B강의대본/자료통합/_원문/설계자/마케팅 설계자.md
S01,18,‘호기심에 기반을 둔 헤드라인’ 스크립트,페이지-386,/Users/seranlee/B2B강의대본/자료통합/_원문/설계자/마케팅 설계자.md
S01,19,‘누가 무엇을 왜 어떻게’ 스크립트,페이지-401,/Users/seranlee/B2B강의대본/자료통합/_원문/설계자/마케팅 설계자.md
S01,20,"‘스타, 스토리, 솔루션’ 스크립트",페이지-408,/Users/seranlee/B2B강의대본/자료통합/_원문/설계자/마케팅 설계자.md
S01,21,‘단 한 번의 제안OTO’스크립트,페이지-425,/Users/seranlee/B2B강의대본/자료통합/_원문/설계자/마케팅 설계자.md
S01,22,‘완벽한 웨비나’ 스크립트,페이지-435,/Users/seranlee/B2B강의대본/자료통합/_원문/설계자/마케팅 설계자.md
S01,23,‘제품 출시’ 스크립트,페이지-451,/Users/seranlee/B2B강의대본/자료통합/_원문/설계자/마케팅 설계자.md
S01,24,‘네 가지 질문의 판매 종결’ 스크립트,페이지-465,/Users/seranlee/B2B강의대본/자료통합/_원문/설계자/마케팅 설계자.md
S01,25,‘판매 설정자’ 스크립트와 ‘판매 종결자’ 스크립트,페이지-474,/Users/seranlee/B2B강의대본/자료통합/_원문/설계자/마케팅 설계자.md
S01,26,클릭퍼널스로 퍼널 만들기,페이지-495,/Users/seranlee/B2B강의대본/자료통합/_원문/설계자/마케팅 설계자.md
S01,27,퍼널 포개기,페이지-519,/Users/seranlee/B2B강의대본/자료통합/_원문/설계자/마케팅 설계자.md
S01,28,퍼널 수정하기,페이지-531,/Users/seranlee/B2B강의대본/자료통합/_원문/설계자/마케팅 설계자.md
S02,1,꿈의 고객은 누구인가?,페이지-029,/Users/seranlee/B2B강의대본/자료통합/_원문/설계자/트래픽 설계자.md
S02,2,그들은 어디에 숨어 있나? 드림 100,페이지-047,/Users/seranlee/B2B강의대본/자료통합/_원문/설계자/트래픽 설계자.md
S02,3,"후크, 스토리, 제안 그리고 매력적인 인물",페이지-068,/Users/seranlee/B2B강의대본/자료통합/_원문/설계자/트래픽 설계자.md
S02,4,"노력을 통해 개척하기, 돈을 써서 다가가기",페이지-073,/Users/seranlee/B2B강의대본/자료통합/_원문/설계자/트래픽 설계자.md
S02,5,여러분이 소유한 트래픽,페이지-093,/Users/seranlee/B2B강의대본/자료통합/_원문/설계자/트래픽 설계자.md
S02,6,후속 퍼널,페이지-101,/Users/seranlee/B2B강의대본/자료통합/_원문/설계자/트래픽 설계자.md
S02,7,드림 100에 스며들기,페이지-114,/Users/seranlee/B2B강의대본/자료통합/_원문/설계자/트래픽 설계자.md
S02,8,자연적으로 퍼널 채우기,페이지-151,/Users/seranlee/B2B강의대본/자료통합/_원문/설계자/트래픽 설계자.md
S02,9,돈을 써서 퍼널 채우기,페이지-158,/Users/seranlee/B2B강의대본/자료통합/_원문/설계자/트래픽 설계자.md
S02,10,인스타그램 트래픽의 비밀,페이지-172,/Users/seranlee/B2B강의대본/자료통합/_원문/설계자/트래픽 설계자.md
S02,11,페이스북 트래픽의 비밀,페이지-196,/Users/seranlee/B2B강의대본/자료통합/_원문/설계자/트래픽 설계자.md
S02,12,구글 트래픽의 비밀,페이지-221,/Users/seranlee/B2B강의대본/자료통합/_원문/설계자/트래픽 설계자.md
S02,13,유튜브 트래픽의 비밀,페이지-245,/Users/seranlee/B2B강의대본/자료통합/_원문/설계자/트래픽 설계자.md
S02,14,물고기를 잡는 법,페이지-264,/Users/seranlee/B2B강의대본/자료통합/_원문/설계자/트래픽 설계자.md
S02,15,대화 주도권 장악,페이지-272,/Users/seranlee/B2B강의대본/자료통합/_원문/설계자/트래픽 설계자.md
S02,16,퍼널 허브,페이지-288,/Users/seranlee/B2B강의대본/자료통합/_원문/설계자/트래픽 설계자.md
S02,17,다른 사람들의 배급 채널,페이지-299,/Users/seranlee/B2B강의대본/자료통합/_원문/설계자/트래픽 설계자.md
S02,18,동맹군,페이지-306,/Users/seranlee/B2B강의대본/자료통합/_원문/설계자/트래픽 설계자.md
S02,19,콜드 트래픽,페이지-319,/Users/seranlee/B2B강의대본/자료통합/_원문/설계자/트래픽 설계자.md
S02,20,기타 성장 핵,페이지-331,/Users/seranlee/B2B강의대본/자료통합/_원문/설계자/트래픽 설계자.md
S03,1,카피라이팅이란 무엇인가?,pdf-0013,/Users/seranlee/B2B강의대본/자료통합/_원문/설계자/스토리설계자.md
S03,2,삶을 바꾸는 세일즈 카피,pdf-0020,/Users/seranlee/B2B강의대본/자료통합/_원문/설계자/스토리설계자.md
S03,3,강력한 구매 이유 10가지,pdf-0024,/Users/seranlee/B2B강의대본/자료통합/_원문/설계자/스토리설계자.md
S03,4,고객은 당신에게 관심이 없다,pdf-0032,/Users/seranlee/B2B강의대본/자료통합/_원문/설계자/스토리설계자.md
S03,5,카피라이팅 마인드셋,pdf-0036,/Users/seranlee/B2B강의대본/자료통합/_원문/설계자/스토리설계자.md
S03,6,헤드라인 템플릿,pdf-0047,/Users/seranlee/B2B강의대본/자료통합/_원문/설계자/스토리설계자.md
S03,7,핫/웜/콜드 트래픽 소스,pdf-0060,/Users/seranlee/B2B강의대본/자료통합/_원문/설계자/스토리설계자.md
S03,8,프레드 F.R.E.D.,pdf-0069,/Users/seranlee/B2B강의대본/자료통합/_원문/설계자/스토리설계자.md
S03,9,불릿 공식,pdf-0089,/Users/seranlee/B2B강의대본/자료통합/_원문/설계자/스토리설계자.md
S03,10,지갑을 여는 진짜 이유,pdf-0097,/Users/seranlee/B2B강의대본/자료통합/_원문/설계자/스토리설계자.md
S03,11,A/B 분할 테스트,pdf-0104,/Users/seranlee/B2B강의대본/자료통합/_원문/설계자/스토리설계자.md
S03,12,시장조사,pdf-0110,/Users/seranlee/B2B강의대본/자료통합/_원문/설계자/스토리설계자.md
S03,13,고객 중심의 대화,pdf-0117,/Users/seranlee/B2B강의대본/자료통합/_원문/설계자/스토리설계자.md
S03,14,추천사가 없을 때 유용한 전략,pdf-0123,/Users/seranlee/B2B강의대본/자료통합/_원문/설계자/스토리설계자.md
S03,15,실패하지 않는 세일즈 공식 3가지,pdf-0128,/Users/seranlee/B2B강의대본/자료통합/_원문/설계자/스토리설계자.md
S03,16,효과적인 세일즈레터 형식,pdf-0141,/Users/seranlee/B2B강의대본/자료통합/_원문/설계자/스토리설계자.md
S03,17,세일즈레터의 요소 13가지,pdf-0149,/Users/seranlee/B2B강의대본/자료통합/_원문/설계자/스토리설계자.md
S03,18,이메일 티저,pdf-0166,/Users/seranlee/B2B강의대본/자료통합/_원문/설계자/스토리설계자.md
S03,19,초고 작성하기,pdf-0173,/Users/seranlee/B2B강의대본/자료통합/_원문/설계자/스토리설계자.md
S03,20,스토리,pdf-0176,/Users/seranlee/B2B강의대본/자료통합/_원문/설계자/스토리설계자.md
S03,21,사랑받거나 미움받거나,pdf-0186,/Users/seranlee/B2B강의대본/자료통합/_원문/설계자/스토리설계자.md
S03,22,제품 약속,pdf-0192,/Users/seranlee/B2B강의대본/자료통합/_원문/설계자/스토리설계자.md
S03,23,형편없는 카피 고치기,pdf-0202,/Users/seranlee/B2B강의대본/자료통합/_원문/설계자/스토리설계자.md
S03,24,네거티브 전략,pdf-0212,/Users/seranlee/B2B강의대본/자료통합/_원문/설계자/스토리설계자.md
S03,25,스텔스 클로징,pdf-0219,/Users/seranlee/B2B강의대본/자료통합/_원문/설계자/스토리설계자.md
S03,26,카피라이팅 외주의 현실,pdf-0231,/Users/seranlee/B2B강의대본/자료통합/_원문/설계자/스토리설계자.md
S03,27,마법의 책상,pdf-0237,/Users/seranlee/B2B강의대본/자료통합/_원문/설계자/스토리설계자.md
S03,28,온라인 광고의 목적,pdf-0248,/Users/seranlee/B2B강의대본/자료통합/_원문/설계자/스토리설계자.md
S03,29,후크 포인트,pdf-0261,/Users/seranlee/B2B강의대본/자료통합/_원문/설계자/스토리설계자.md
S03,30,스와이프 파일,pdf-0269,/Users/seranlee/B2B강의대본/자료통합/_원문/설계자/스토리설계자.md
S03,31,카피 다듬기,pdf-0273,/Users/seranlee/B2B강의대본/자료통합/_원문/설계자/스토리설계자.md
S04,1,전업주부 아빠였던 내가 어떻게 한 주 만에 억대 매출을 냈을까,pdf-0012,/Users/seranlee/B2B강의대본/자료통합/_원문/설계자/스타트업 설계자.md
S04,2,PLF는 어떻게 작동하는가,pdf-0028,/Users/seranlee/B2B강의대본/자료통합/_원문/설계자/스타트업 설계자.md
S04,3,이메일 리스트는 돈을 찍어내는 기계다,pdf-0051,/Users/seranlee/B2B강의대본/자료통합/_원문/설계자/스타트업 설계자.md
S04,4,사이드웨이 세일즈 레터로 잠재고객과 소통하고 신뢰를 형성하라,pdf-0078,/Users/seranlee/B2B강의대본/자료통합/_원문/설계자/스타트업 설계자.md
S04,5,심리적 방아쇠는 누구에게나 효과를 낸다,pdf-0093,/Users/seranlee/B2B강의대본/자료통합/_원문/설계자/스타트업 설계자.md
S04,6,프리-프리런칭으로 시장에 경고사격을 하라,pdf-0110,/Users/seranlee/B2B강의대본/자료통합/_원문/설계자/스타트업 설계자.md
S04,7,"프리런칭의 힘, 사람들이 원하는 것을 팔라",pdf-0126,/Users/seranlee/B2B강의대본/자료통합/_원문/설계자/스타트업 설계자.md
S04,8,오픈 카트로 완벽한 판매를 시작하라,pdf-0146,/Users/seranlee/B2B강의대본/자료통합/_원문/설계자/스타트업 설계자.md
S04,9,무에서 유를 창조하는 시드런칭,pdf-0172,/Users/seranlee/B2B강의대본/자료통합/_원문/설계자/스타트업 설계자.md
S04,10,사업의 규모를 성장시키는 JV런칭,pdf-0193,/Users/seranlee/B2B강의대본/자료통합/_원문/설계자/스타트업 설계자.md
S04,11,비즈니스의 흐름을 바꾸는 라이브런칭,pdf-0210,/Users/seranlee/B2B강의대본/자료통합/_원문/설계자/스타트업 설계자.md
S04,12,소셜미디어로 런칭 화력 올리기,pdf-0233,/Users/seranlee/B2B강의대본/자료통합/_원문/설계자/스타트업 설계자.md
S04,13,"유료 트래픽, 잠재고객을 끌어당기는 지름길",pdf-0259,/Users/seranlee/B2B강의대본/자료통합/_원문/설계자/스타트업 설계자.md
S04,14,새로운 런칭과 새로운 비즈니스,pdf-0282,/Users/seranlee/B2B강의대본/자료통합/_원문/설계자/스타트업 설계자.md
S04,15,자신이 정말로 좋아하는 사업을 시작하라,pdf-0300,/Users/seranlee/B2B강의대본/자료통합/_원문/설계자/스타트업 설계자.md
S04,16,원하는 인생을 사는 법,pdf-0314,/Users/seranlee/B2B강의대본/자료통합/_원문/설계자/스타트업 설계자.md
S04,17,이제부터는 당신의 시간이다,pdf-0333,/Users/seranlee/B2B강의대본/자료통합/_원문/설계자/스타트업 설계자.md
M01,12,그랜드슬램 오퍼,pdf-0012,/Users/seranlee/B2B강의대본/자료통합/_원문/100M_PDF텍스트/100M offer.md
M01,20,상품화 문제,pdf-0020,/Users/seranlee/B2B강의대본/자료통합/_원문/100M_PDF텍스트/100M offer.md
M01,28,시장 선택,pdf-0028,/Users/seranlee/B2B강의대본/자료통합/_원문/100M_PDF텍스트/100M offer.md
M01,39,가치에 맞는 가격,pdf-0039,/Users/seranlee/B2B강의대본/자료통합/_원문/100M_PDF텍스트/100M offer.md
M01,50,가치 공식,pdf-0050,/Users/seranlee/B2B강의대본/자료통합/_원문/100M_PDF텍스트/100M offer.md
M01,62,사고 과정,pdf-0062,/Users/seranlee/B2B강의대본/자료통합/_원문/100M_PDF텍스트/100M offer.md
M01,65,문제와 해결책,pdf-0065,/Users/seranlee/B2B강의대본/자료통합/_원문/100M_PDF텍스트/100M offer.md
M01,73,덜어내고 쌓기,pdf-0073,/Users/seranlee/B2B강의대본/자료통합/_원문/100M_PDF텍스트/100M offer.md
M01,86,오퍼 강화,pdf-0086,/Users/seranlee/B2B강의대본/자료통합/_원문/100M_PDF텍스트/100M offer.md
M01,93,희소성,pdf-0093,/Users/seranlee/B2B강의대본/자료통합/_원문/100M_PDF텍스트/100M offer.md
M01,100,긴급성,pdf-0100,/Users/seranlee/B2B강의대본/자료통합/_원문/100M_PDF텍스트/100M offer.md
M01,104,보너스,pdf-0104,/Users/seranlee/B2B강의대본/자료통합/_원문/100M_PDF텍스트/100M offer.md
M01,111,보장,pdf-0111,/Users/seranlee/B2B강의대본/자료통합/_원문/100M_PDF텍스트/100M offer.md
M01,124,이름 짓기,pdf-0124,/Users/seranlee/B2B강의대본/자료통합/_원문/100M_PDF텍스트/100M offer.md
M01,136,실행,pdf-0136,/Users/seranlee/B2B강의대본/자료통합/_원문/100M_PDF텍스트/100M offer.md
M02,20,리드와 참여 리드,pdf-0020,/Users/seranlee/B2B강의대본/자료통합/_원문/100M_PDF텍스트/100M leads.md
M02,22,오퍼와 리드마그넷,pdf-0022,/Users/seranlee/B2B강의대본/자료통합/_원문/100M_PDF텍스트/100M leads.md
M02,43,네 가지 유입 방법,pdf-0043,/Users/seranlee/B2B강의대본/자료통합/_원문/100M_PDF텍스트/100M leads.md
M02,47,웜 아웃리치,pdf-0047,/Users/seranlee/B2B강의대본/자료통합/_원문/100M_PDF텍스트/100M leads.md
M02,65,무료 콘텐츠 1,pdf-0065,/Users/seranlee/B2B강의대본/자료통합/_원문/100M_PDF텍스트/100M leads.md
M02,79,무료 콘텐츠 2,pdf-0079,/Users/seranlee/B2B강의대본/자료통합/_원문/100M_PDF텍스트/100M leads.md
M02,93,콜드 아웃리치,pdf-0093,/Users/seranlee/B2B강의대본/자료통합/_원문/100M_PDF텍스트/100M leads.md
M02,112,유료광고 소재,pdf-0112,/Users/seranlee/B2B강의대본/자료통합/_원문/100M_PDF텍스트/100M leads.md
M02,130,유료광고 손익,pdf-0130,/Users/seranlee/B2B강의대본/자료통합/_원문/100M_PDF텍스트/100M leads.md
M02,141,더 많이·더 잘·새로운 방법,pdf-0141,/Users/seranlee/B2B강의대본/자료통합/_원문/100M_PDF텍스트/100M leads.md
M02,159,고객 소개,pdf-0159,/Users/seranlee/B2B강의대본/자료통합/_원문/100M_PDF텍스트/100M leads.md
M02,181,직원,pdf-0181,/Users/seranlee/B2B강의대본/자료통합/_원문/100M_PDF텍스트/100M leads.md
M02,192,대행사,pdf-0192,/Users/seranlee/B2B강의대본/자료통합/_원문/100M_PDF텍스트/100M leads.md
M02,200,제휴와 파트너,pdf-0200,/Users/seranlee/B2B강의대본/자료통합/_원문/100M_PDF텍스트/100M leads.md
M02,237,성장 로드맵,pdf-0237,/Users/seranlee/B2B강의대본/자료통합/_원문/100M_PDF텍스트/100M leads.md
M02,242,한 페이지 정리,pdf-0242,/Users/seranlee/B2B강의대본/자료통합/_원문/100M_PDF텍스트/100M leads.md
M03,10,머니 모델,pdf-0010,/Users/seranlee/B2B강의대본/자료통합/_원문/100M_PDF텍스트/100M money model.md
M03,14,네 가지 오퍼,pdf-0014,/Users/seranlee/B2B강의대본/자료통합/_원문/100M_PDF텍스트/100M money model.md
M03,21,목표 달성 환급,pdf-0021,/Users/seranlee/B2B강의대본/자료통합/_원문/100M_PDF텍스트/100M money model.md
M03,29,경품,pdf-0029,/Users/seranlee/B2B강의대본/자료통합/_원문/100M_PDF텍스트/100M money model.md
M03,37,미끼 오퍼,pdf-0037,/Users/seranlee/B2B강의대본/자료통합/_원문/100M_PDF텍스트/100M money model.md
M03,43,추가 무료,pdf-0043,/Users/seranlee/B2B강의대본/자료통합/_원문/100M_PDF텍스트/100M money model.md
M03,50,지금 적게 또는 나중에 더 많이,pdf-0050,/Users/seranlee/B2B강의대본/자료통합/_원문/100M_PDF텍스트/100M money model.md
M03,55,무료 호의,pdf-0055,/Users/seranlee/B2B강의대본/자료통합/_원문/100M_PDF텍스트/100M money model.md
M03,62,클래식 업셀,pdf-0062,/Users/seranlee/B2B강의대본/자료통합/_원문/100M_PDF텍스트/100M money model.md
M03,68,메뉴 업셀,pdf-0068,/Users/seranlee/B2B강의대본/자료통합/_원문/100M_PDF텍스트/100M money model.md
M03,77,앵커 업셀,pdf-0077,/Users/seranlee/B2B강의대본/자료통합/_원문/100M_PDF텍스트/100M money model.md
M03,83,롤오버 업셀,pdf-0083,/Users/seranlee/B2B강의대본/자료통합/_원문/100M_PDF텍스트/100M money model.md
M03,94,결제 플랜 다운셀,pdf-0094,/Users/seranlee/B2B강의대본/자료통합/_원문/100M_PDF텍스트/100M money model.md
M03,101,조건부 체험,pdf-0101,/Users/seranlee/B2B강의대본/자료통합/_원문/100M_PDF텍스트/100M money model.md
M03,108,기능 다운셀,pdf-0108,/Users/seranlee/B2B강의대본/자료통합/_원문/100M_PDF텍스트/100M money model.md
M03,116,지속 오퍼,pdf-0116,/Users/seranlee/B2B강의대본/자료통합/_원문/100M_PDF텍스트/100M money model.md
M03,118,지속 보너스,pdf-0118,/Users/seranlee/B2B강의대본/자료통합/_원문/100M_PDF텍스트/100M money model.md
M03,126,지속 할인,pdf-0126,/Users/seranlee/B2B강의대본/자료통합/_원문/100M_PDF텍스트/100M money model.md
M03,133,수수료 면제,pdf-0133,/Users/seranlee/B2B강의대본/자료통합/_원문/100M_PDF텍스트/100M money model.md
M03,137,지속 오퍼 결론,pdf-0137,/Users/seranlee/B2B강의대본/자료통합/_원문/100M_PDF텍스트/100M money model.md
M03,139,머니 모델 조립,pdf-0139,/Users/seranlee/B2B강의대본/자료통합/_원문/100M_PDF텍스트/100M money model.md
M03,148,정리,pdf-0148,/Users/seranlee/B2B강의대본/자료통합/_원문/100M_PDF텍스트/100M money model.md
